ResponseId,Gender,BirthYear,Occupation,IPAddress
R_3IYaIQ1HA9uoIN4,1,1977,6,68.60.237.138
R_3IYaIQ1HA9uoIN4,1,1977,6,68.60.237.138
R_2abIUC5Q690ffm5,1,1971,5,24.113.54.27
R_2abIUC5Q690ffm5,1,1971,5,24.113.54.27
R_QbwAXiwr0PQrcI1,0,1981,3,50.107.73.163
R_QbwAXiwr0PQrcI1,0,1981,3,50.107.73.163
R_1F9Wq3YN7HpWm9B,1,1985,2,148.75.164.241
R_1F9Wq3YN7HpWm9B,1,1985,2,148.75.164.241
R_272PZR4ATJyqV9k,1,1990,3,216.244.82.210
R_272PZR4ATJyqV9k,1,1990,3,216.244.82.210
R_3HFewE2eVqRX4p8,0,1955,2,73.27.201.99
R_3HFewE2eVqRX4p8,0,1955,2,73.27.201.99
R_1pESDTuNy5w918D,1,1989,2,71.45.40.170
R_1pESDTuNy5w918D,1,1989,2,71.45.40.170
R_2PkjrTAIMYItU3M,0,1982,5,24.28.27.216
R_2PkjrTAIMYItU3M,0,1982,5,24.28.27.216
R_31ZBkWEJrLRwPLr,1,1994,2,72.80.129.230
R_31ZBkWEJrLRwPLr,1,1994,2,72.80.129.230
R_3sdbFE3J5Xe8isq,0,1987,2,174.223.7.144
R_3sdbFE3J5Xe8isq,0,1987,2,174.223.7.144
R_2csslgqgzt5yzyV,1,1987,3,67.181.212.84
R_2csslgqgzt5yzyV,1,1987,3,67.181.212.84
R_2z5tNcRvFPnRAXw,1,1991,2,38.104.212.98
R_2z5tNcRvFPnRAXw,1,1991,2,38.104.212.98
R_3lFz7NzyTPtgTd5,1,1991,3,71.84.130.247
R_3lFz7NzyTPtgTd5,1,1991,3,71.84.130.247
R_1pSfcIJCQVgxS9a,0,1959,2,24.91.53.217
R_1pSfcIJCQVgxS9a,0,1959,2,24.91.53.217
R_2s59UzXq4R3ARR0,1,1982,2,99.203.11.102
R_2s59UzXq4R3ARR0,1,1982,2,99.203.11.102
R_3spRLQM6BrHlsB6,0,1984,2,172.58.175.210
R_3spRLQM6BrHlsB6,0,1984,2,172.58.175.210
R_Bzd8l9sQ70gfXBT,0,1950,4,108.192.21.90
R_Bzd8l9sQ70gfXBT,0,1950,4,108.192.21.90
R_1g8A0OjLjBE1aDu,1,1987,2,192.138.72.196
R_1g8A0OjLjBE1aDu,1,1987,2,192.138.72.196
R_2QLCySA2KnrHJTZ,0,1987,2,70.95.40.142
R_2QLCySA2KnrHJTZ,0,1987,2,70.95.40.142
R_1KveWuqnx9eMHTb,0,1994,5,50.88.167.185
R_1KveWuqnx9eMHTb,0,1994,5,50.88.167.185
R_vJn5laUn47IUXbH,1,1987,2,104.231.44.107
R_vJn5laUn47IUXbH,1,1987,2,104.231.44.107
R_3Ph4Dra2ZyrGKrS,0,1982,3,24.180.163.93
R_3Ph4Dra2ZyrGKrS,0,1982,3,24.180.163.93
R_1IWAgu2saA4pdNZ,1,1983,2,75.99.158.2
R_1IWAgu2saA4pdNZ,1,1983,2,75.99.158.2
R_1Ld6ron9bLr5pWt,0,1995,2,159.89.40.136
R_1Ld6ron9bLr5pWt,0,1995,2,159.89.40.136
R_1mQryo4DRT8M8lJ,1,1988,2,100.35.102.134
R_1mQryo4DRT8M8lJ,1,1988,2,100.35.102.134
R_O3xbzpIiRSKRePn,0,1985,3,47.186.209.7
R_O3xbzpIiRSKRePn,0,1985,3,47.186.209.7
R_6L6rS8w21ED9Qpr,0,1991,2,72.228.42.128
R_6L6rS8w21ED9Qpr,0,1991,2,72.228.42.128
R_RhucT5cF4vN5H0J,1,1978,2,207.251.68.137
R_RhucT5cF4vN5H0J,1,1978,2,207.251.68.137
R_zeB5ajw2DcCrEoF,1,1963,2,162.226.224.9
R_zeB5ajw2DcCrEoF,1,1963,2,162.226.224.9
R_3JwagYCfJ2BwZwX,1,1984,2,174.96.226.62
R_3JwagYCfJ2BwZwX,1,1984,2,174.96.226.62
R_5jQmqEpHAv9PBG9,0,1979,2,208.78.15.128
R_5jQmqEpHAv9PBG9,0,1979,2,208.78.15.128
R_3MrPoAwX2WMMOtk,0,1952,3,108.50.209.244
R_3MrPoAwX2WMMOtk,0,1952,3,108.50.209.244
R_2SHmKwhkagwbxjT,1,1980,2,64.25.192.2
R_2SHmKwhkagwbxjT,1,1980,2,64.25.192.2
R_2a90FZCz1nUWn3O,1,1978,2,73.242.26.113
R_2a90FZCz1nUWn3O,1,1978,2,73.242.26.113
R_2v9bsn4Ob8ELRdC,1,1970,2,68.226.96.200
R_2v9bsn4Ob8ELRdC,1,1970,2,68.226.96.200
R_2rPFsO30Zm1M0DA,1,1991,2,73.246.222.244
R_2rPFsO30Zm1M0DA,1,1991,2,73.246.222.244
R_STBKh4OPyEJiGel,1,1990,3,172.220.228.23
R_STBKh4OPyEJiGel,1,1990,3,172.220.228.23
R_dbw3rjmI2eMDvm9,0,1987,2,72.24.241.207
R_dbw3rjmI2eMDvm9,0,1987,2,72.24.241.207
R_1Ng1lxtnAuCc8W5,1,1982,2,68.48.151.13
R_1Ng1lxtnAuCc8W5,1,1982,2,68.48.151.13
R_1QDR5eLFxGm00AL,1,1990,2,161.222.160.8
R_1QDR5eLFxGm00AL,1,1990,2,161.222.160.8
R_qQtyGXXEs7txst3,1,1996,3,66.61.11.210
R_qQtyGXXEs7txst3,1,1996,3,66.61.11.210
R_1mwuCqTjjh0EpJG,1,1983,2,66.117.213.187
R_1mwuCqTjjh0EpJG,1,1983,2,66.117.213.187
R_1f7azIawy8i1At5,1,1984,2,67.186.11.212
R_1f7azIawy8i1At5,1,1984,2,67.186.11.212
R_1F8kF6KIrV80tZz,0,1979,2,173.16.96.32
R_1F8kF6KIrV80tZz,0,1979,2,173.16.96.32
R_3n97xjWTemvgEGq,0,1996,1,69.5.154.1
R_3n97xjWTemvgEGq,0,1996,1,69.5.154.1
R_1r2FYq3FrWGCHYQ,0,1958,2,76.7.210.115
R_1r2FYq3FrWGCHYQ,0,1958,2,76.7.210.115
R_8G5Xy93FXQWnCJX,0,1992,2,72.209.17.198
R_8G5Xy93FXQWnCJX,0,1992,2,72.209.17.198
R_3qe6GViQQ6Ynavn,1,1993,2,73.22.119.106
R_3qe6GViQQ6Ynavn,1,1993,2,73.22.119.106
R_5mB4GeZ1VurJ93X,1,1992,2,47.39.141.94
R_5mB4GeZ1VurJ93X,1,1992,2,47.39.141.94
R_3EhayHR8hZ6PD3X,1,1977,2,69.143.139.115
R_3EhayHR8hZ6PD3X,1,1977,2,69.143.139.115
R_1hBerVDuOtDZjl6,0,1990,2,192.3.7.86
R_1hBerVDuOtDZjl6,0,1990,2,192.3.7.86
R_Caa1drK39bCrJQJ,0,1960,3,97.122.212.58
R_Caa1drK39bCrJQJ,0,1960,3,97.122.212.58
R_2PqhMG85Ly5X962,0,1997,1,150.212.127.104
R_2PqhMG85Ly5X962,0,1997,1,150.212.127.104
R_3RsHOFEUUyBndhK,0,1982,2,69.138.143.146
R_3RsHOFEUUyBndhK,0,1982,2,69.138.143.146
R_2rCKTZicvBPTNw6,1,1988,2,198.199.190.140
R_2rCKTZicvBPTNw6,1,1988,2,198.199.190.140
R_2w4s0L1S2I2IUW2,1,1989,2,99.203.93.172
R_2w4s0L1S2I2IUW2,1,1989,2,99.203.93.172
R_2sX4wl2Z6EnuufB,1,1981,3,174.21.71.27
R_2sX4wl2Z6EnuufB,1,1981,3,174.21.71.27
R_1LhQypQ2JwvCimz,1,1989,2,199.227.2.5
R_1LhQypQ2JwvCimz,1,1989,2,199.227.2.5
R_Z4NWKyVntTtBczL,1,1975,2,112.201.125.221
R_Z4NWKyVntTtBczL,1,1975,2,112.201.125.221
R_2Wuo25C8Us07KKf,1,1988,1,70.176.114.11
R_2Wuo25C8Us07KKf,1,1988,1,70.176.114.11
R_2TYGJOCO0aZJqd9,0,1985,5,184.170.80.48
R_2TYGJOCO0aZJqd9,0,1985,5,184.170.80.48
R_2VHEyAPsRtUEhPf,0,1992,2,75.147.69.30
R_2VHEyAPsRtUEhPf,0,1992,2,75.147.69.30
R_vAKws0CZnDf9jRT,0,1981,5,70.189.224.54
R_vAKws0CZnDf9jRT,0,1981,5,70.189.224.54
R_3izpx9OULt6fbL0,0,1984,3,174.219.16.249
R_3izpx9OULt6fbL0,0,1984,3,174.219.16.249
R_8AI52GKK3SpCwal,1,1996,2,173.184.110.214
R_8AI52GKK3SpCwal,1,1996,2,173.184.110.214
R_2cb95bdFXGezsle,0,1979,2,174.198.15.111
R_2cb95bdFXGezsle,0,1979,2,174.198.15.111
R_245G8oEJFLK0x4V,0,1983,2,146.186.82.73
R_245G8oEJFLK0x4V,0,1983,2,146.186.82.73
R_r1GtgZ5Ye1rF3mV,0,1990,2,128.146.182.47
R_r1GtgZ5Ye1rF3mV,0,1990,2,128.146.182.47
R_21iV2G5gepwgiaP,1,1989,2,75.147.39.21
R_21iV2G5gepwgiaP,1,1989,2,75.147.39.21
R_3qIMa22G9LlHZ53,1,1957,2,45.19.1.0
R_3qIMa22G9LlHZ53,1,1957,2,45.19.1.0
R_3HuJI3vLojKDkLb,0,1963,3,97.75.248.100
R_3HuJI3vLojKDkLb,0,1963,3,97.75.248.100
R_3jTByEKHreuH11P,1,1975,2,71.171.84.56
R_3jTByEKHreuH11P,1,1975,2,71.171.84.56
R_2QmtTdrFSjeb4fU,0,1972,3,96.28.19.26
R_2QmtTdrFSjeb4fU,0,1972,3,96.28.19.26
R_Ui34IKGZqfki7a9,0,1969,2,74.101.106.108
R_Ui34IKGZqfki7a9,0,1969,2,74.101.106.108
R_2EE2B9zaRUEDhG1,0,1980,2,71.67.137.98
R_2EE2B9zaRUEDhG1,0,1980,2,71.67.137.98
R_3NNU90ZFHdcuJ3H,0,1984,3,24.159.98.19
R_3NNU90ZFHdcuJ3H,0,1984,3,24.159.98.19
R_3EGQIOElnrz4q2t,0,1978,3,108.81.67.197
R_3EGQIOElnrz4q2t,0,1978,3,108.81.67.197
R_Uyzww057EO26Czv,0,1992,3,190.124.31.23
R_Uyzww057EO26Czv,0,1992,3,190.124.31.23
R_1oA7Rmx3ktcjVEH,0,1976,2,74.214.35.215
R_1oA7Rmx3ktcjVEH,0,1976,2,74.214.35.215
R_3KAtygaSerIxMUj,0,1994,2,108.245.152.51
R_3KAtygaSerIxMUj,0,1994,2,108.245.152.51
R_5AucBudiYkO5OBH,1,1988,2,107.141.7.113
R_5AucBudiYkO5OBH,1,1988,2,107.141.7.113
R_3dDFyqYB8iFyGpw,1,1987,3,104.176.6.160
R_3dDFyqYB8iFyGpw,1,1987,3,104.176.6.160
R_Xq5g3wbvoSCSEyl,1,1987,5,67.241.46.125
R_Xq5g3wbvoSCSEyl,1,1987,5,67.241.46.125
R_1kF7tnhNtdi2wFW,1,1990,2,167.160.123.19
R_1kF7tnhNtdi2wFW,1,1990,2,167.160.123.19
R_ulSHCXeLuNkWAal,1,1988,2,67.165.90.21
R_ulSHCXeLuNkWAal,1,1988,2,67.165.90.21
R_1kNcqc075E8xdDH,0,1973,2,67.54.129.249
R_1kNcqc075E8xdDH,0,1973,2,67.54.129.249
R_sLu5mllvXbrmYU1,0,1991,2,157.182.121.252
R_sLu5mllvXbrmYU1,0,1991,2,157.182.121.252
R_3Hi5gKNPjgqADDH,1,1991,2,49.230.17.196
R_3Hi5gKNPjgqADDH,1,1991,2,49.230.17.196
R_1rHPw3oRqRp3lsl,0,1995,2,72.201.98.101
R_1rHPw3oRqRp3lsl,0,1995,2,72.201.98.101
R_1P1Qfz7PudkCxYX,1,1987,2,209.156.113.194
R_1P1Qfz7PudkCxYX,1,1987,2,209.156.113.194
R_YbooIcF26B1M2Rj,1,1992,2,104.3.176.117
R_YbooIcF26B1M2Rj,1,1992,2,104.3.176.117
R_3NLnaSIrbLIcuk2,0,1988,2,76.111.151.115
R_3NLnaSIrbLIcuk2,0,1988,2,76.111.151.115
R_2EbprvFcw2ydB4T,0,1990,2,45.116.232.2
R_2EbprvFcw2ydB4T,0,1990,2,45.116.232.2
R_30hOsB1hO9dDBXm,1,1990,1,75.80.18.166
R_30hOsB1hO9dDBXm,1,1990,1,75.80.18.166
R_1FJ1BEjdHcBSh2a,0,1969,3,24.158.165.151
R_1FJ1BEjdHcBSh2a,0,1969,3,24.158.165.151
R_2XhftvQmvs15Oa8,1,1979,2,12.204.222.254
R_2XhftvQmvs15Oa8,1,1979,2,12.204.222.254
R_2sZmOLzxyslMWLc,0,1971,2,108.215.122.164
R_2sZmOLzxyslMWLc,0,1971,2,108.215.122.164
R_3FOhO90ALQaDbv6,1,1988,3,98.213.21.48
R_3FOhO90ALQaDbv6,1,1988,3,98.213.21.48
R_3Gv056KJ4nepwO0,1,1967,2,71.229.155.164
R_3Gv056KJ4nepwO0,1,1967,2,71.229.155.164
R_3DuXFS8HMITWlHv,1,1976,5,107.219.126.149
R_3DuXFS8HMITWlHv,1,1976,5,107.219.126.149
R_3MyruPbmovhwe8k,1,1993,2,96.250.62.179
R_3MyruPbmovhwe8k,1,1993,2,96.250.62.179
R_vJEnbhD4Q7Kz2H7,0,1980,2,24.242.197.66
R_vJEnbhD4Q7Kz2H7,0,1980,2,24.242.197.66
R_1DqF9yh7hWcaQbz,0,1977,2,73.184.225.156
R_1DqF9yh7hWcaQbz,0,1977,2,73.184.225.156
R_2t5A0jrUXiG0vbC,0,1982,2,184.57.243.132
R_2t5A0jrUXiG0vbC,0,1982,2,184.57.243.132
R_Cm2CP0MJyU6PnGh,1,1993,2,70.171.9.199
R_Cm2CP0MJyU6PnGh,1,1993,2,70.171.9.199
R_vdaIASRMxCPq9qh,0,1987,2,70.171.84.177
R_vdaIASRMxCPq9qh,0,1987,2,70.171.84.177
R_2wEvJXfzklLmfo7,0,1993,2,73.214.69.143
R_2wEvJXfzklLmfo7,0,1993,2,73.214.69.143
R_3ilNew4FLvXY5tq,0,1988,3,173.239.215.28
R_3ilNew4FLvXY5tq,0,1988,3,173.239.215.28
R_1QN2dRyTGZ9gRcf,0,1972,2,150.231.246.1
R_1QN2dRyTGZ9gRcf,0,1972,2,150.231.246.1
R_qEOcdU7mPy9iGSB,1,1989,2,108.198.89.164
R_qEOcdU7mPy9iGSB,1,1989,2,108.198.89.164
R_08Q0JloACQNLCWB,0,1988,2,66.147.105.33
R_08Q0JloACQNLCWB,0,1988,2,66.147.105.33
R_2wACZcKg7jm1daJ,0,1991,3,173.218.64.86
R_2wACZcKg7jm1daJ,0,1991,3,173.218.64.86
R_3Hn3xgaaC30XVcT,0,1993,3,98.116.87.67
R_3Hn3xgaaC30XVcT,0,1993,3,98.116.87.67
R_2bZQeJiieKk213W,1,1985,2,68.63.164.6
R_2bZQeJiieKk213W,1,1985,2,68.63.164.6
R_122SreHvAAY19zD,0,1990,2,69.85.215.113
R_122SreHvAAY19zD,0,1990,2,69.85.215.113
R_12EfnFUu3nosbEN,0,1987,5,173.19.196.229
R_12EfnFUu3nosbEN,0,1987,5,173.19.196.229
R_2EjdL2FsFOkUjG1,1,1978,3,173.17.220.94
R_2EjdL2FsFOkUjG1,1,1978,3,173.17.220.94
R_2E0ItLwv1x5eF2M,1,1979,2,4.15.235.26
R_2E0ItLwv1x5eF2M,1,1979,2,4.15.235.26
R_2QnZljuNdg70lUD,1,1987,2,107.9.150.178
R_2QnZljuNdg70lUD,1,1987,2,107.9.150.178
R_r3CFS8J5ehHHQKR,0,1994,3,99.191.155.14
R_r3CFS8J5ehHHQKR,0,1994,3,99.191.155.14
R_1Eh5RU2bEcjzS15,1,1987,2,108.209.122.112
R_1Eh5RU2bEcjzS15,1,1987,2,108.209.122.112
R_3RvDoCIWrYunmSR,0,1987,2,99.89.114.48
R_3RvDoCIWrYunmSR,0,1987,2,99.89.114.48
R_1GEovFY9j5BWBTc,0,1988,2,72.209.183.218
R_1GEovFY9j5BWBTc,0,1988,2,72.209.183.218
R_1gUv5wH4rTeRBKF,0,1991,2,104.240.237.41
R_1gUv5wH4rTeRBKF,0,1991,2,104.240.237.41
R_27wFEqSrGEXDjXB,0,1987,2,65.216.122.125
R_27wFEqSrGEXDjXB,0,1987,2,65.216.122.125
R_3iU33ezQYYE8ypL,0,1970,2,216.66.74.22
R_3iU33ezQYYE8ypL,0,1970,2,216.66.74.22
R_2VaSSOzmihJzUbK,0,1972,2,72.66.29.145
R_2VaSSOzmihJzUbK,0,1972,2,72.66.29.145
R_2S6lMjPA3pcV4cD,0,1987,2,208.84.184.239
R_2S6lMjPA3pcV4cD,0,1987,2,208.84.184.239
R_1FKAlN1Fq6Rqu9M,0,1987,5,70.179.30.252
R_1FKAlN1Fq6Rqu9M,0,1987,5,70.179.30.252
R_XBvGMbdmuExmANj,0,1971,2,24.59.80.184
R_XBvGMbdmuExmANj,0,1971,2,24.59.80.184
R_vwYqYEMXDSiK1Oh,1,1985,3,204.89.32.4
R_vwYqYEMXDSiK1Oh,1,1985,3,204.89.32.4
R_1IGVwQPnmlUongx,1,1981,2,172.11.220.144
R_1IGVwQPnmlUongx,1,1981,2,172.11.220.144
R_1Fm56deRy2gqeTb,1,1993,2,56.0.163.16
R_1Fm56deRy2gqeTb,1,1993,2,56.0.163.16
R_3lM1TfmPiEhwiNS,0,1962,4,72.219.241.46
R_3lM1TfmPiEhwiNS,0,1962,4,72.219.241.46
R_25zSmowqeMAtPAF,1,1992,2,78.130.17.50
R_25zSmowqeMAtPAF,1,1992,2,78.130.17.50
R_Q5NYNEmP1IUCgaB,1,1987,2,73.37.86.81
R_Q5NYNEmP1IUCgaB,1,1987,2,73.37.86.81
R_1irZTkNw2XbqWiw,0,1983,3,45.21.138.60
R_1irZTkNw2XbqWiw,0,1983,3,45.21.138.60
R_2CTzl28MISwPbAq,1,1982,2,71.182.138.68
R_2CTzl28MISwPbAq,1,1982,2,71.182.138.68
R_3Jq3yHDXEwrbdgS,0,1988,2,199.255.244.65
R_3Jq3yHDXEwrbdgS,0,1988,2,199.255.244.65
R_28U3a46RWlClNyi,1,1959,5,173.14.173.226
R_28U3a46RWlClNyi,1,1959,5,173.14.173.226
R_2cBZyG2YLDHBps2,0,1987,2,70.185.239.116
R_2cBZyG2YLDHBps2,0,1987,2,70.185.239.116
R_SNbNfDY6I1CACQh,1,1975,2,192.127.94.7
R_SNbNfDY6I1CACQh,1,1975,2,192.127.94.7
R_3e7YCg0w6nUkRiE,1,1966,3,66.171.38.84
R_3e7YCg0w6nUkRiE,1,1966,3,66.171.38.84
R_2R1E9DM4nZs8R0O,0,1997,2,71.84.200.100
R_2R1E9DM4nZs8R0O,0,1997,2,71.84.200.100
R_2E3Hcn9Pd0PKgfa,0,1983,2,67.5.221.160
R_2E3Hcn9Pd0PKgfa,0,1983,2,67.5.221.160
R_DvE1hZcKOWoHJCh,0,1981,2,66.56.16.219
R_DvE1hZcKOWoHJCh,0,1981,2,66.56.16.219
R_2TMqJlmvPcqokST,1,1966,2,71.231.60.97
R_2TMqJlmvPcqokST,1,1966,2,71.231.60.97
R_2cc4c6kz6DICqEo,0,1981,2,196.52.39.10
R_2cc4c6kz6DICqEo,0,1981,2,196.52.39.10
R_2XplI0zoVWfA0L1,0,1981,3,74.136.136.18
R_2XplI0zoVWfA0L1,0,1981,3,74.136.136.18
R_eQkucrsLqZmBHO1,1,1972,2,73.194.199.39
R_eQkucrsLqZmBHO1,1,1972,2,73.194.199.39
R_3L6cNf7PgiVxi2a,1,1990,2,27.34.104.204
R_3L6cNf7PgiVxi2a,1,1990,2,27.34.104.204
R_3ND6ScaUfBYwJZz,0,1982,2,23.120.189.94
R_3ND6ScaUfBYwJZz,0,1982,2,23.120.189.94
R_2V1KCSPllmn8gzE,0,1953,4,72.184.230.127
R_2V1KCSPllmn8gzE,0,1953,4,72.184.230.127
R_2Uit5Y8fD7HZJmI,1,1993,1,70.121.172.21
R_2Uit5Y8fD7HZJmI,1,1993,1,70.121.172.21
R_1lcaqGfa5jwQXGt,0,1985,2,108.22.206.196
R_1lcaqGfa5jwQXGt,0,1985,2,108.22.206.196
R_Dqs0hasV5OEeFOh,0,1977,3,74.90.25.149
R_Dqs0hasV5OEeFOh,0,1977,3,74.90.25.149
R_Od2NMma7DSCpbcR,0,1987,3,174.24.3.174
R_Od2NMma7DSCpbcR,0,1987,3,174.24.3.174
R_uyz80jk6GHit105,0,1988,2,174.110.16.121
R_uyz80jk6GHit105,0,1988,2,174.110.16.121
R_2V8860GKoJTyMSz,1,1974,5,198.140.240.10
R_2V8860GKoJTyMSz,1,1974,5,198.140.240.10
R_3O2MwAW1z5joJwi,1,1991,2,12.189.87.250
R_3O2MwAW1z5joJwi,1,1991,2,12.189.87.250
R_2B9ylJ8LN7qXKpU,0,1958,2,97.81.144.248
R_2B9ylJ8LN7qXKpU,0,1958,2,97.81.144.248
R_2uEsutYMCFTU8wW,1,1976,2,216.195.101.20
R_2uEsutYMCFTU8wW,1,1976,2,216.195.101.20
R_6QEGXht8beGccNj,1,1996,2,197.251.240.252
R_6QEGXht8beGccNj,1,1996,2,197.251.240.252
R_pRF4oyeqIQedkS5,1,1957,2,141.254.80.15
R_pRF4oyeqIQedkS5,1,1957,2,141.254.80.15
R_3Jlzhj285HceWug,1,1988,2,69.243.81.82
R_3Jlzhj285HceWug,1,1988,2,69.243.81.82
R_2UWtfTy4ajmVj6K,1,1985,2,66.41.206.111
R_2UWtfTy4ajmVj6K,1,1985,2,66.41.206.111
R_3PdjNiXYiZHSr9j,1,1981,2,65.60.89.50
R_3PdjNiXYiZHSr9j,1,1981,2,65.60.89.50
R_1mVGbQu3NZn9Dwr,0,1987,2,190.124.31.72
R_1mVGbQu3NZn9Dwr,0,1987,2,190.124.31.72
R_3nUwSpDK0ZAlslM,1,1984,2,85.97.186.121
R_3nUwSpDK0ZAlslM,1,1984,2,85.97.186.121
R_2xOTsdutjlIjX9v,0,1987,2,198.1.29.5
R_2xOTsdutjlIjX9v,0,1987,2,198.1.29.5
R_2cjT86vDH7hkW5I,0,1998,2,112.204.47.88
R_2cjT86vDH7hkW5I,0,1998,2,112.204.47.88
R_2bWqhIWA7HvADUN,1,1978,2,97.85.222.55
R_2bWqhIWA7HvADUN,1,1978,2,97.85.222.55
R_1jeJtaPcxvbSsEK,0,1950,2,24.17.252.46
R_1jeJtaPcxvbSsEK,0,1950,2,24.17.252.46
R_XOn2UF8Pi99FVhT,0,1948,2,184.101.116.89
R_XOn2UF8Pi99FVhT,0,1948,2,184.101.116.89
R_3GdhQEX2U2KZ4X8,1,1979,2,47.40.2.85
R_3GdhQEX2U2KZ4X8,1,1979,2,47.40.2.85
R_1jHslyfBaCtTCRX,0,1985,6,173.218.100.197
R_1jHslyfBaCtTCRX,0,1985,6,173.218.100.197
R_3CTzjHVs3xSWPIQ,1,1958,3,67.11.111.69
R_3CTzjHVs3xSWPIQ,1,1958,3,67.11.111.69
R_Dvr7SbB567vnAXL,0,1978,3,108.26.113.185
R_Dvr7SbB567vnAXL,0,1978,3,108.26.113.185
R_2zMC0qyJMqtDFmg,1,1961,2,40.133.44.242
R_2zMC0qyJMqtDFmg,1,1961,2,40.133.44.242
R_1FyRW5AAYwAlavi,0,1980,2,71.207.132.238
R_1FyRW5AAYwAlavi,0,1980,2,71.207.132.238
R_3g1s40QXYPmxv9W,1,1967,3,24.127.167.119
R_3g1s40QXYPmxv9W,1,1967,3,24.127.167.119
R_2s54g5x73gVgOaX,0,1975,2,73.144.247.47
R_2s54g5x73gVgOaX,0,1975,2,73.144.247.47
R_24px2UsXRxLPBRr,0,1991,2,142.197.88.222
R_24px2UsXRxLPBRr,0,1991,2,142.197.88.222
R_21BulP2lNnyAit5,1,1996,3,71.10.39.26
R_21BulP2lNnyAit5,1,1996,3,71.10.39.26
R_1kZmgC4tCdVIYjp,0,1980,3,73.56.129.227
R_1kZmgC4tCdVIYjp,0,1980,3,73.56.129.227
R_UcjiROg05X8N3TH,1,1990,2,67.60.190.117
R_UcjiROg05X8N3TH,1,1990,2,67.60.190.117
R_4YgkwCh2TPi4dp3,0,1951,2,74.103.175.21
R_4YgkwCh2TPi4dp3,0,1951,2,74.103.175.21
R_3NwVGtOHMei0oCh,0,1962,3,76.24.109.168
R_3NwVGtOHMei0oCh,0,1962,3,76.24.109.168
R_125Cc1QeztXn8Ix,1,1991,2,167.160.113.50
R_125Cc1QeztXn8Ix,1,1991,2,167.160.113.50
R_29alPQLjkFzqxOJ,1,1958,5,24.90.165.185
R_29alPQLjkFzqxOJ,1,1958,5,24.90.165.185
R_3Ple4gQGqiqAZrz,1,1990,3,73.221.14.154
R_3Ple4gQGqiqAZrz,1,1990,3,73.221.14.154
R_1o7nRtSDhRU2ta5,1,1988,3,73.163.23.14
R_1o7nRtSDhRU2ta5,1,1988,3,73.163.23.14
R_Bun6VxcCC3zvof7,1,1983,2,174.64.169.250
R_Bun6VxcCC3zvof7,1,1983,2,174.64.169.250
R_2TmXZz0Qk5RKB6J,0,1991,2,162.198.44.182
R_2TmXZz0Qk5RKB6J,0,1991,2,162.198.44.182
R_1IadrV060FEcyit,1,1968,2,71.8.86.183
R_1IadrV060FEcyit,1,1968,2,71.8.86.183
R_2R7GWFb2JqHno4Z,0,1989,2,71.63.144.86
R_2R7GWFb2JqHno4Z,0,1989,2,71.63.144.86
R_2y18utsGQ1GqPkV,0,1981,2,205.215.216.15
R_2y18utsGQ1GqPkV,0,1981,2,205.215.216.15
R_24FU1tugXFKepcg,0,1984,5,96.244.43.109
R_24FU1tugXFKepcg,0,1984,5,96.244.43.109
R_3KNJqX2BUv27tyj,0,1988,2,24.158.1.174
R_3KNJqX2BUv27tyj,0,1988,2,24.158.1.174
R_33shMmvTa12GEir,1,1987,2,32.208.134.41
R_33shMmvTa12GEir,1,1987,2,32.208.134.41
R_322wjzFk32D58vj,1,1961,4,71.237.58.162
R_322wjzFk32D58vj,1,1961,4,71.237.58.162
R_3EG4Dn7YH5VZvdQ,1,1987,2,192.3.1.107
R_3EG4Dn7YH5VZvdQ,1,1987,2,192.3.1.107
R_Dwtmz8VKSA3itGx,1,1987,2,68.96.169.162
R_Dwtmz8VKSA3itGx,1,1987,2,68.96.169.162
R_2QtjUsWegVZZWxW,0,1959,2,96.224.230.22
R_2QtjUsWegVZZWxW,0,1959,2,96.224.230.22
R_29sQ7TfaaXSkKol,1,1990,2,39.50.192.3
R_29sQ7TfaaXSkKol,1,1990,2,39.50.192.3
R_BL2Na3xQvh8LiTv,1,1985,3,68.54.140.19
R_BL2Na3xQvh8LiTv,1,1985,3,68.54.140.19
R_1rjG2JpQE7ZV8eQ,0,1988,2,104.162.71.49
R_1rjG2JpQE7ZV8eQ,0,1988,2,104.162.71.49
R_vkMRZzn06meiSTD,1,1991,3,108.234.88.37
R_vkMRZzn06meiSTD,1,1991,3,108.234.88.37
R_2qpxc6bQq7Bi3sE,0,1984,2,173.244.44.57
R_2qpxc6bQq7Bi3sE,0,1984,2,173.244.44.57
R_2WUXPWjtG1yzebe,1,1991,2,71.173.193.120
R_2WUXPWjtG1yzebe,1,1991,2,71.173.193.120
R_zZIpw1UU7Krzm1P,0,1994,2,174.221.130.153
R_zZIpw1UU7Krzm1P,0,1994,2,174.221.130.153
R_3QQXMdUS0XcMuCi,0,1968,3,66.191.21.59
R_3QQXMdUS0XcMuCi,0,1968,3,66.191.21.59
R_2tat7yAywJgmOPL,1,1984,2,24.126.128.242
R_2tat7yAywJgmOPL,1,1984,2,24.126.128.242
R_2AXUwW5QCYxdY4T,0,1965,3,47.150.183.33
R_2AXUwW5QCYxdY4T,0,1965,3,47.150.183.33
R_3VOmsmT7RLyhmzn,0,1995,1,104.1.157.63
R_3VOmsmT7RLyhmzn,0,1995,1,104.1.157.63
R_Cf97bB7c6ssnu3D,1,1996,1,162.17.213.102
R_Cf97bB7c6ssnu3D,1,1996,1,162.17.213.102
R_40lkO51BykTcGFX,0,1988,2,160.79.139.10
R_40lkO51BykTcGFX,0,1988,2,160.79.139.10
R_3dN9pWW9CZ9Iwsx,1,1983,1,67.246.65.231
R_3dN9pWW9CZ9Iwsx,1,1983,1,67.246.65.231
R_0BMstpSQRXJr1zb,1,1989,2,174.255.132.38
R_0BMstpSQRXJr1zb,1,1989,2,174.255.132.38
R_29dc3YdIfRMGC2t,0,1987,3,73.152.164.42
R_29dc3YdIfRMGC2t,0,1987,3,73.152.164.42
R_10ximGnXqW2wfoS,1,1982,2,148.75.30.213
R_10ximGnXqW2wfoS,1,1982,2,148.75.30.213
R_1EZfvxn85CRGRDX,0,1987,2,216.108.209.63
R_1EZfvxn85CRGRDX,0,1987,2,216.108.209.63
R_1iarliUGFcqtuM6,1,1981,2,24.104.64.110
R_1iarliUGFcqtuM6,1,1981,2,24.104.64.110
R_sEWUtJGoKEdVkmR,1,1978,2,204.134.225.10
R_sEWUtJGoKEdVkmR,1,1978,2,204.134.225.10
R_1K7FL3zgteZsD7i,1,1976,3,174.56.169.58
R_1K7FL3zgteZsD7i,1,1976,3,174.56.169.58
R_2YyOj7QYdsyEszc,0,1996,1,49.142.105.245
R_2YyOj7QYdsyEszc,0,1996,1,49.142.105.245
R_1M0SmqasuFMxghh,1,1983,2,12.12.130.164
R_1M0SmqasuFMxghh,1,1983,2,12.12.130.164
R_1HXCcWd6rAk2Cyt,0,1997,1,73.245.135.8
R_1HXCcWd6rAk2Cyt,0,1997,1,73.245.135.8
R_r1MLAWSAX2ECBkB,0,1961,3,99.170.164.172
R_r1MLAWSAX2ECBkB,0,1961,3,99.170.164.172
R_uvKDanPRzuqCXap,0,1989,2,107.77.200.152
R_uvKDanPRzuqCXap,0,1989,2,107.77.200.152
R_22lVoDP7wwrucpw,1,1990,1,73.124.28.167
R_22lVoDP7wwrucpw,1,1990,1,73.124.28.167
R_1LGxmA8lV8GfOYb,1,1989,2,66.8.231.140
R_1LGxmA8lV8GfOYb,1,1989,2,66.8.231.140
R_1kO1FzrbYaktFCC,1,1994,2,24.177.146.206
R_1kO1FzrbYaktFCC,1,1994,2,24.177.146.206
R_xiwiEPwIa9qqbkJ,1,1965,5,208.54.85.153
R_xiwiEPwIa9qqbkJ,1,1965,5,208.54.85.153
R_1F9e8QzSVM4dxfu,1,1990,2,71.208.51.146
R_1F9e8QzSVM4dxfu,1,1990,2,71.208.51.146
R_b3ma9QeiVaYg705,0,1994,3,98.5.89.152
R_b3ma9QeiVaYg705,0,1994,3,98.5.89.152
R_2PBS0YPf54t3zts,1,1982,2,216.64.244.207
R_2PBS0YPf54t3zts,1,1982,2,216.64.244.207
R_SYSOo7s5hn0vWr7,0,1983,5,24.183.0.55
R_SYSOo7s5hn0vWr7,0,1983,5,24.183.0.55
R_1LCqRPEpxVhZKOa,1,1985,2,209.64.115.12
R_1LCqRPEpxVhZKOa,1,1985,2,209.64.115.12
R_2uq8Buzh2W8UUcR,0,1982,2,68.103.66.31
R_2uq8Buzh2W8UUcR,0,1982,2,68.103.66.31
R_20Uvb3EtWwqT06N,0,1982,2,64.33.242.211
R_20Uvb3EtWwqT06N,0,1982,2,64.33.242.211
R_214z13glILammHi,0,1982,2,72.2.79.156
R_214z13glILammHi,0,1982,2,72.2.79.156
R_0rfYKdJlY5ijUS5,1,1997,1,129.237.108.12
R_0rfYKdJlY5ijUS5,1,1997,1,129.237.108.12
R_1OZyBGpskHUm0Wq,1,1974,2,75.130.217.245
R_1OZyBGpskHUm0Wq,1,1974,2,75.130.217.245
R_5hxL7Y6ReJtG4qB,0,1978,3,108.72.44.117
R_5hxL7Y6ReJtG4qB,0,1978,3,108.72.44.117
R_A0aupurr9Pr7mOl,1,1967,2,50.241.26.97
R_A0aupurr9Pr7mOl,1,1967,2,50.241.26.97
R_3MiIz7CrA6mapcL,1,1987,2,71.13.66.20
R_3MiIz7CrA6mapcL,1,1987,2,71.13.66.20
R_3rPzF6GvRgr6GyD,0,1982,2,205.222.248.235
R_3rPzF6GvRgr6GyD,0,1982,2,205.222.248.235
R_3kGrr1wMMrkpOfI,0,1964,2,24.165.182.250
R_3kGrr1wMMrkpOfI,0,1964,2,24.165.182.250
R_0HcOgxfKcLpC837,1,1960,3,76.101.207.238
R_0HcOgxfKcLpC837,1,1960,3,76.101.207.238
R_1i3P7bCKw9wBw5E,0,1982,5,173.61.40.29
R_1i3P7bCKw9wBw5E,0,1982,5,173.61.40.29
R_zZLedrldXjo5NTj,0,1984,2,198.37.241.47
R_zZLedrldXjo5NTj,0,1984,2,198.37.241.47
R_2V4373b7VSszpl0,1,1971,3,100.16.46.122
R_2V4373b7VSszpl0,1,1971,3,100.16.46.122
R_2uJw2G7BQ3Y9VEE,1,1978,2,24.225.125.42
R_2uJw2G7BQ3Y9VEE,1,1978,2,24.225.125.42
R_31Nldcl0J92635P,1,1988,2,160.33.195.21
R_31Nldcl0J92635P,1,1988,2,160.33.195.21
R_2rAe5HhFEZneCFD,0,1981,2,50.79.100.33
R_2rAe5HhFEZneCFD,0,1981,2,50.79.100.33
R_2wRILtwOJzw2GJn,0,1990,6,24.188.131.95
R_2wRILtwOJzw2GJn,0,1990,6,24.188.131.95
R_2c0f4ImPpVRR2oa,1,1984,2,71.95.144.218
R_2c0f4ImPpVRR2oa,1,1984,2,71.95.144.218
R_2OO2ClMbdP6mXCI,0,1987,2,107.77.199.128
R_2OO2ClMbdP6mXCI,0,1987,2,107.77.199.128
R_1BQxDuUMThlYtay,1,1993,2,64.238.153.2
R_1BQxDuUMThlYtay,1,1993,2,64.238.153.2
R_O0CjJzPulPYxhzb,0,1951,4,76.127.79.140
R_O0CjJzPulPYxhzb,0,1951,4,76.127.79.140
R_22SbBbTU9skZcoP,1,1954,3,96.242.114.51
R_22SbBbTU9skZcoP,1,1954,3,96.242.114.51
R_sGYazVDcG8L2NSF,0,1973,6,104.1.25.78
R_sGYazVDcG8L2NSF,0,1973,6,104.1.25.78
R_1ISMs2iemHT0xLw,0,1956,2,96.69.125.161
R_1ISMs2iemHT0xLw,0,1956,2,96.69.125.161
R_2WD8YlcCUpedYBC,0,1976,2,73.54.167.132
R_2WD8YlcCUpedYBC,0,1976,2,73.54.167.132
R_8IkoXlnKgWszw65,1,1952,4,66.30.215.127
R_8IkoXlnKgWszw65,1,1952,4,66.30.215.127
R_6M71xpxyidviN9L,1,1980,2,76.25.158.110
R_6M71xpxyidviN9L,1,1980,2,76.25.158.110
R_1Qza0GGYgcxrwdL,1,1989,2,105.154.56.10
R_1Qza0GGYgcxrwdL,1,1989,2,105.154.56.10
R_3MguMmQPXzEEJ4k,1,1987,2,71.237.51.87
R_3MguMmQPXzEEJ4k,1,1987,2,71.237.51.87
R_3Or06S0yyTY1hhC,0,1974,3,50.88.123.31
R_3Or06S0yyTY1hhC,0,1974,3,50.88.123.31
R_w60zTFob2EQc65P,0,1974,2,71.86.81.80
R_w60zTFob2EQc65P,0,1974,2,71.86.81.80
R_oYyN5w9rD38PQ3f,1,1990,3,69.136.138.207
R_oYyN5w9rD38PQ3f,1,1990,3,69.136.138.207
R_12tExdp15pF7IMA,1,1991,2,185.107.47.171
R_12tExdp15pF7IMA,1,1991,2,185.107.47.171
R_ODrlrjNEVgUVpsZ,1,1982,2,24.242.19.76
R_ODrlrjNEVgUVpsZ,1,1982,2,24.242.19.76
R_p44Q4bJqDCqCCXf,1,1989,2,68.196.201.249
R_p44Q4bJqDCqCCXf,1,1989,2,68.196.201.249
R_9GM4GkxpdPgceWt,0,1987,3,174.206.8.198
R_9GM4GkxpdPgceWt,0,1987,3,174.206.8.198
R_qXH6Pzb1ZzW1nJD,0,1976,2,68.119.43.1
R_qXH6Pzb1ZzW1nJD,0,1976,2,68.119.43.1
R_3QWe0mxDUwNYUmt,1,1950,3,108.242.223.13
R_3QWe0mxDUwNYUmt,1,1950,3,108.242.223.13
R_2X56njpdbuoYoCZ,0,1993,2,69.166.170.164
R_2X56njpdbuoYoCZ,0,1993,2,69.166.170.164
R_3PMQHhNs87kpUFD,1,1987,2,204.9.150.217
R_3PMQHhNs87kpUFD,1,1987,2,204.9.150.217
R_WwaNsYWYFurgXAd,1,1983,2,74.191.67.11
R_WwaNsYWYFurgXAd,1,1983,2,74.191.67.11
R_7aEmjbIYC8O21UZ,1,1984,3,173.163.42.117
R_7aEmjbIYC8O21UZ,1,1984,3,173.163.42.117
R_1Ks4MyEG8rj6YVD,0,1980,3,74.67.125.127
R_1Ks4MyEG8rj6YVD,0,1980,3,74.67.125.127
R_1hMAWMjYx9TmIw4,0,1972,2,75.86.211.10
R_1hMAWMjYx9TmIw4,0,1972,2,75.86.211.10
R_1duazyt6rMOGW90,1,1979,2,104.128.209.1
R_1duazyt6rMOGW90,1,1979,2,104.128.209.1
R_3aE9cRaYu3N5l05,0,1961,2,192.180.190.8
R_3aE9cRaYu3N5l05,0,1961,2,192.180.190.8
R_tETyvchA5Ti2Amd,1,1988,3,173.216.19.100
R_tETyvchA5Ti2Amd,1,1988,3,173.216.19.100
R_1BUV864TkbQagPK,1,1985,2,192.136.223.46
R_1BUV864TkbQagPK,1,1985,2,192.136.223.46
R_1Nk7V3YdKvdNZDP,0,1980,2,107.77.234.76
R_1Nk7V3YdKvdNZDP,0,1980,2,107.77.234.76
R_2TB280UM3rvQ8PO,1,1991,2,64.121.102.112
R_2TB280UM3rvQ8PO,1,1991,2,64.121.102.112
R_1oBXWyTWpcgMoFw,0,1962,2,69.148.165.226
R_1oBXWyTWpcgMoFw,0,1962,2,69.148.165.226
R_2bWxehtyiyXc3Ls,0,1953,2,71.89.202.71
R_2bWxehtyiyXc3Ls,0,1953,2,71.89.202.71
R_1d4vuMWnrm6WH1V,0,1954,3,73.27.179.20
R_1d4vuMWnrm6WH1V,0,1954,3,73.27.179.20
R_2e5d1J7LzNNNhP5,0,1975,2,162.198.44.182
R_2e5d1J7LzNNNhP5,0,1975,2,162.198.44.182
R_3oHmWqI1MvPNmRf,1,1982,2,71.172.28.139
R_3oHmWqI1MvPNmRf,1,1982,2,71.172.28.139
R_12RnQiIZFogTuic,1,1964,3,75.189.23.255
R_12RnQiIZFogTuic,1,1964,3,75.189.23.255
R_cu5gMW6ULr2Z9M5,0,1987,3,66.24.228.221
R_cu5gMW6ULr2Z9M5,0,1987,3,66.24.228.221
R_3PulHiJpR0G8RVm,1,1974,2,24.61.141.136
R_3PulHiJpR0G8RVm,1,1974,2,24.61.141.136
R_2B4k1I7SK5mrxfo,0,1975,2,71.238.16.185
R_2B4k1I7SK5mrxfo,0,1975,2,71.238.16.185
R_xyePAXvvvGi7LYR,1,1969,2,74.193.103.196
R_xyePAXvvvGi7LYR,1,1969,2,74.193.103.196
R_1rHbZF16BbHrDXx,1,1993,2,107.221.194.72
R_1rHbZF16BbHrDXx,1,1993,2,107.221.194.72
R_2tA7EeaFSnk8FHS,0,1952,3,173.24.88.152
R_2tA7EeaFSnk8FHS,0,1952,3,173.24.88.152
R_sHg0EHIQIXK55F7,1,1987,2,71.76.45.168
R_sHg0EHIQIXK55F7,1,1987,2,71.76.45.168
R_1I4yVpX31sRkg0j,0,1981,2,73.67.31.171
R_1I4yVpX31sRkg0j,0,1981,2,73.67.31.171
R_1QDWXO48tAPQr5f,0,1987,2,107.15.100.53
R_1QDWXO48tAPQr5f,0,1987,2,107.15.100.53
R_25SezlUMI2dnocj,1,1992,2,197.211.63.158
R_25SezlUMI2dnocj,1,1992,2,197.211.63.158
R_12a5c0kNtIShrWL,1,1981,2,66.213.116.194
R_12a5c0kNtIShrWL,1,1981,2,66.213.116.194
R_9NdyWMAsC55uX0R,1,1966,2,104.11.61.83
R_9NdyWMAsC55uX0R,1,1966,2,104.11.61.83
R_3nHQHAd2YYzvIl7,0,1985,2,172.73.12.254
R_3nHQHAd2YYzvIl7,0,1985,2,172.73.12.254
R_1Q9DtiTcAnsI7cy,0,1982,2,107.204.201.212
R_1Q9DtiTcAnsI7cy,0,1982,2,107.204.201.212
R_1Ka6y9SWyQNNUwj,1,1988,2,73.8.86.239
R_1Ka6y9SWyQNNUwj,1,1988,2,73.8.86.239
R_difKL8Tg3iZ7sMV,1,1982,2,99.135.155.130
R_difKL8Tg3iZ7sMV,1,1982,2,99.135.155.130
R_2fdj1jhuefDbi3d,0,1991,2,66.214.10.101
R_2fdj1jhuefDbi3d,0,1991,2,66.214.10.101
R_22E5JT6r10cdQqw,0,1957,3,68.108.152.157
R_22E5JT6r10cdQqw,0,1957,3,68.108.152.157
R_2dvjqrykvkUuLVa,1,1994,2,97.95.91.72
R_2dvjqrykvkUuLVa,1,1994,2,97.95.91.72
R_9zQAeRymf5VCbjr,1,1995,6,73.6.203.118
R_9zQAeRymf5VCbjr,1,1995,6,73.6.203.118
R_22X2Qe6L78jTkww,0,1983,2,73.92.5.208
R_22X2Qe6L78jTkww,0,1983,2,73.92.5.208
R_0ktgcpYaKeVOT7j,1,1983,2,172.98.85.15
R_0ktgcpYaKeVOT7j,1,1983,2,172.98.85.15
R_xG8dA49zR74Lr5n,0,1987,2,128.118.152.250
R_xG8dA49zR74Lr5n,0,1987,2,128.118.152.250
R_24AuK0ZONQsprml,1,1991,2,12.18.78.114
R_24AuK0ZONQsprml,1,1991,2,12.18.78.114
R_1LdqVUh4IewGN9f,1,1982,2,137.148.67.29
R_1LdqVUh4IewGN9f,1,1982,2,137.148.67.29
R_3PhI9mHS766xMxk,0,1981,2,170.52.14.190
R_3PhI9mHS766xMxk,0,1981,2,170.52.14.190
R_3D5Alw8JOm6gUv3,0,1946,4,172.15.229.101
R_3D5Alw8JOm6gUv3,0,1946,4,172.15.229.101
R_1jJT39RVeW8zBfv,0,1985,2,66.41.57.18
R_1jJT39RVeW8zBfv,0,1985,2,66.41.57.18
R_Ca8Rl5tfrCQbVkZ,0,1947,5,172.250.200.127
R_Ca8Rl5tfrCQbVkZ,0,1947,5,172.250.200.127
R_3siB31IntVLZIFL,1,1970,2,162.250.6.19
R_3siB31IntVLZIFL,1,1970,2,162.250.6.19
R_3KC2wzAuoRx1pJC,0,1990,2,50.194.196.37
R_3KC2wzAuoRx1pJC,0,1990,2,50.194.196.37
R_4UvqbvZ2elTVfUd,0,1990,2,71.227.173.55
R_4UvqbvZ2elTVfUd,0,1990,2,71.227.173.55
R_BziWcinlhxKqFW1,0,1992,2,65.24.117.162
R_BziWcinlhxKqFW1,0,1992,2,65.24.117.162
R_2P0U5DLkcvRhmTk,1,1983,2,108.171.130.162
R_2P0U5DLkcvRhmTk,1,1983,2,108.171.130.162
R_Q3t6SSuvMYfkbER,0,1993,1,71.84.200.100
R_Q3t6SSuvMYfkbER,0,1993,1,71.84.200.100
R_1eLQUF5AtDkI0dn,0,1971,3,68.111.198.189
R_1eLQUF5AtDkI0dn,0,1971,3,68.111.198.189
R_3fkKdEB9Px4ECLx,0,1994,3,24.74.120.186
R_3fkKdEB9Px4ECLx,0,1994,3,24.74.120.186
R_23fOA9WKDDu6K9E,1,1987,2,72.80.116.19
R_23fOA9WKDDu6K9E,1,1987,2,72.80.116.19
R_3RqgRxPvLQRbJWl,1,1992,2,104.131.139.20
R_3RqgRxPvLQRbJWl,1,1992,2,104.131.139.20
R_3qQLtGcC0PFYGRP,0,1973,2,67.137.248.209
R_3qQLtGcC0PFYGRP,0,1973,2,67.137.248.209
R_2AGS1wWKPk5AZ9c,1,1956,2,104.169.86.104
R_2AGS1wWKPk5AZ9c,1,1956,2,104.169.86.104
R_1gAsX7FNPHdfywT,0,1980,2,73.210.25.228
R_1gAsX7FNPHdfywT,0,1980,2,73.210.25.228
R_2TYPr4bUNzfHpmY,1,1967,2,104.129.196.70
R_2TYPr4bUNzfHpmY,1,1967,2,104.129.196.70
R_2UXZROwEb1aCe6b,0,1978,2,131.212.248.235
R_2UXZROwEb1aCe6b,0,1978,2,131.212.248.235
R_3HFAH158s9rjGjD,1,1987,3,173.121.188.36
R_3HFAH158s9rjGjD,1,1987,3,173.121.188.36
R_1kSNpj5yhLUm6RJ,1,1959,4,173.216.96.224
R_1kSNpj5yhLUm6RJ,1,1959,4,173.216.96.224
R_3HUHfNAZ7COZiMv,1,1954,3,24.167.164.138
R_3HUHfNAZ7COZiMv,1,1954,3,24.167.164.138
R_3hA52Rp5Fb0iLnt,1,1987,2,66.41.158.139
R_3hA52Rp5Fb0iLnt,1,1987,2,66.41.158.139
R_2frnCYyCXx8GCOi,0,1993,1,107.13.162.160
R_2frnCYyCXx8GCOi,0,1993,1,107.13.162.160
R_2YLeqdzeQgPsyrH,0,1990,2,108.34.183.128
R_2YLeqdzeQgPsyrH,0,1990,2,108.34.183.128
R_A67fVq5TFtrohoZ,1,1984,2,24.3.56.140
R_A67fVq5TFtrohoZ,1,1984,2,24.3.56.140
R_2fxqhJSzZXqQSgr,0,1980,2,174.55.89.139
R_2fxqhJSzZXqQSgr,0,1980,2,174.55.89.139
R_1DNF07OtGyqTuQf,0,1968,2,174.205.24.179
R_1DNF07OtGyqTuQf,0,1968,2,174.205.24.179
R_28D7byedpBFStLH,0,1953,2,107.215.60.187
R_28D7byedpBFStLH,0,1953,2,107.215.60.187
R_2XakXvT3aY1qEDD,0,1969,3,73.204.25.9
R_2XakXvT3aY1qEDD,0,1969,3,73.204.25.9
R_a5YIoiiUKasJ8Yx,1,1960,2,73.205.68.46
R_a5YIoiiUKasJ8Yx,1,1960,2,73.205.68.46
R_33dtUMFkvI0jlNU,0,1966,2,73.203.233.133
R_33dtUMFkvI0jlNU,0,1966,2,73.203.233.133
R_2uD7me8YpKECJ55,1,1985,5,24.15.186.1
R_2uD7me8YpKECJ55,1,1985,5,24.15.186.1
R_2EgIvOpHyZ4GC94,0,1977,5,68.58.151.2
R_2EgIvOpHyZ4GC94,0,1977,5,68.58.151.2
R_3PTPfBPlrpNanIt,1,1987,2,72.182.55.229
R_3PTPfBPlrpNanIt,1,1987,2,72.182.55.229
R_1KlrKPb3rgG7tQj,0,1978,2,71.213.151.205
R_1KlrKPb3rgG7tQj,0,1978,2,71.213.151.205
R_1QEk2TjhDQuywLI,0,1983,2,73.119.239.216
R_1QEk2TjhDQuywLI,0,1983,2,73.119.239.216
R_2rON8En00y8hXIN,0,1983,2,108.64.75.194
R_2rON8En00y8hXIN,0,1983,2,108.64.75.194
R_DbKcS7vgAc93iFP,1,1970,3,174.16.32.85
R_DbKcS7vgAc93iFP,1,1970,3,174.16.32.85
R_21dILMtywlm6QGq,1,1971,2,68.108.0.148
R_21dILMtywlm6QGq,1,1971,2,68.108.0.148
R_2t4pDQZPuICLAm8,1,1960,6,68.197.36.98
R_2t4pDQZPuICLAm8,1,1960,6,68.197.36.98
R_NVWHgrad3cGQw0x,0,1967,2,184.58.214.214
R_NVWHgrad3cGQw0x,0,1967,2,184.58.214.214
R_3IW3SQSjrKlfUtC,1,1993,2,72.219.200.73
R_3IW3SQSjrKlfUtC,1,1993,2,72.219.200.73
R_1N9VjFmVQrXM4fw,1,1995,3,75.132.129.135
R_1N9VjFmVQrXM4fw,1,1995,3,75.132.129.135
R_1ie7zolcBKRV1e5,0,1972,3,76.224.235.56
R_1ie7zolcBKRV1e5,0,1972,3,76.224.235.56
R_2PnDDy3ZNdixt1M,0,1990,2,99.203.0.142
R_2PnDDy3ZNdixt1M,0,1990,2,99.203.0.142
R_4OsYcHrFZufFsu5,0,1991,2,162.213.78.146
R_4OsYcHrFZufFsu5,0,1991,2,162.213.78.146
R_BrbrJMFQpmYf66d,0,1985,5,108.77.159.58
R_BrbrJMFQpmYf66d,0,1985,5,108.77.159.58
R_1owfxPDnqNxDQid,0,1959,2,66.177.113.95
R_1owfxPDnqNxDQid,0,1959,2,66.177.113.95
R_1o8aIT5sj6cNAhz,1,1973,5,174.196.137.206
R_1o8aIT5sj6cNAhz,1,1973,5,174.196.137.206
R_3P7Vf2YbptUBMjm,0,1969,2,184.35.9.150
R_3P7Vf2YbptUBMjm,0,1969,2,184.35.9.150
R_PARBlnf7gM5pYe5,1,1987,2,73.34.112.241
R_PARBlnf7gM5pYe5,1,1987,2,73.34.112.241
R_2CDHGcmWIOVQiiF,0,1988,2,208.80.228.251
R_2CDHGcmWIOVQiiF,0,1988,2,208.80.228.251
R_bg9W8MRm0hVaGrf,0,1987,2,76.117.182.123
R_bg9W8MRm0hVaGrf,0,1987,2,76.117.182.123
R_1NtC3ScNMgSBLSL,0,1992,2,8.41.22.56
R_1NtC3ScNMgSBLSL,0,1992,2,8.41.22.56
R_2uWGYs0nc4SIDCV,0,1962,3,71.199.224.83
R_2uWGYs0nc4SIDCV,0,1962,3,71.199.224.83
R_1OxUQPhCuSCMZMw,1,1989,2,66.177.113.95
R_1OxUQPhCuSCMZMw,1,1989,2,66.177.113.95
R_2o7S4MtCLz9tc8V,0,1987,5,24.245.38.217
R_2o7S4MtCLz9tc8V,0,1987,5,24.245.38.217
R_5bPvtrUteuAlyNz,0,1947,4,71.171.84.56
R_5bPvtrUteuAlyNz,0,1947,4,71.171.84.56
R_3nT23DInzlEJ4iM,1,1975,2,67.162.161.1
R_3nT23DInzlEJ4iM,1,1975,2,67.162.161.1
R_RKom84T56ywTZux,0,1990,2,72.239.19.70
R_RKom84T56ywTZux,0,1990,2,72.239.19.70
R_3R7RaOknZ7JHGsV,1,1989,3,75.48.216.213
R_3R7RaOknZ7JHGsV,1,1989,3,75.48.216.213
R_3r0bia9kibUaJsJ,0,1985,2,108.194.200.239
R_3r0bia9kibUaJsJ,0,1985,2,108.194.200.239
R_3nrcjQnmTmJdA1u,1,1969,2,73.140.173.103
R_3nrcjQnmTmJdA1u,1,1969,2,73.140.173.103
R_2CjDEU32qiBOVWO,0,1992,2,108.4.155.84
R_2CjDEU32qiBOVWO,0,1992,2,108.4.155.84
R_25zO8uME3pp1y4f,1,1982,2,98.255.239.86
R_25zO8uME3pp1y4f,1,1982,2,98.255.239.86
R_NUu5LL7a02sISe5,1,1984,2,71.12.220.244
R_NUu5LL7a02sISe5,1,1984,2,71.12.220.244
R_d5vh9NjLxfc8ZW1,0,1993,2,68.231.247.24
R_d5vh9NjLxfc8ZW1,0,1993,2,68.231.247.24
R_1lnIH8nq7FJNsAX,1,1987,3,76.90.132.15
R_1lnIH8nq7FJNsAX,1,1987,3,76.90.132.15
R_1QsfdGSWyVmShFi,1,1976,2,98.91.3.234
R_1QsfdGSWyVmShFi,1,1976,2,98.91.3.234
R_1mjRdH0uBE7sqcH,1,1974,2,74.202.51.40
R_1mjRdH0uBE7sqcH,1,1974,2,74.202.51.40
R_30bKdLklGtjAu60,0,1964,2,108.28.99.133
R_30bKdLklGtjAu60,0,1964,2,108.28.99.133
R_1d0v1DkTvGPiOKq,1,1994,2,75.81.120.131
R_1d0v1DkTvGPiOKq,1,1994,2,75.81.120.131
R_1IhLGxj1Zmeo9D1,1,1987,2,75.64.41.20
R_1IhLGxj1Zmeo9D1,1,1987,2,75.64.41.20
R_2atLop1JHw70z8n,1,1981,3,70.88.102.193
R_2atLop1JHw70z8n,1,1981,3,70.88.102.193
R_3hGPy6N6KFp36Lq,0,1966,2,96.36.9.9
R_3hGPy6N6KFp36Lq,0,1966,2,96.36.9.9
R_ZIcMC9KS2gW22dz,0,1987,2,72.45.56.248
R_ZIcMC9KS2gW22dz,0,1987,2,72.45.56.248
R_3nMKS3sLoK88yIr,1,1976,3,50.96.155.92
R_3nMKS3sLoK88yIr,1,1976,3,50.96.155.92
R_Ti7JPRsJW3fV5Lz,0,1981,3,66.168.194.54
R_Ti7JPRsJW3fV5Lz,0,1981,3,66.168.194.54
R_b3Yc5zGuG5H0JS9,1,1953,2,129.252.33.90
R_b3Yc5zGuG5H0JS9,1,1953,2,129.252.33.90
R_1Q4pSFa4XuNcAHl,1,1985,3,65.34.137.107
R_1Q4pSFa4XuNcAHl,1,1985,3,65.34.137.107
R_24I7wUpj6lexVoS,0,1969,3,96.228.17.94
R_24I7wUpj6lexVoS,0,1969,3,96.228.17.94
R_2PjtYv8aPmdqwGr,1,1990,2,12.38.35.6
R_2PjtYv8aPmdqwGr,1,1990,2,12.38.35.6
R_2t1YoPUXaKo3nm9,0,1995,2,173.52.103.66
R_2t1YoPUXaKo3nm9,0,1995,2,173.52.103.66
R_W6BKomCL38moUYp,0,1956,2,173.28.230.195
R_W6BKomCL38moUYp,0,1956,2,173.28.230.195
R_3JFAlhMwaIbBAWD,0,1978,2,68.102.77.174
R_3JFAlhMwaIbBAWD,0,1978,2,68.102.77.174
R_2f9ibBqjEG2qQYx,0,1989,2,71.185.54.199
R_2f9ibBqjEG2qQYx,0,1989,2,71.185.54.199
R_2qeZ6vh0gQa1CCB,1,1988,2,75.70.148.98
R_2qeZ6vh0gQa1CCB,1,1988,2,75.70.148.98
R_PRQWamSVhkgsAH7,1,1989,2,69.115.48.6
R_PRQWamSVhkgsAH7,1,1989,2,69.115.48.6
R_9zB75jUqIVmJqO5,0,1982,2,174.79.7.184
R_9zB75jUqIVmJqO5,0,1982,2,174.79.7.184
R_12Fs44XCAb1j52v,1,1995,3,184.91.203.139
R_12Fs44XCAb1j52v,1,1995,3,184.91.203.139
R_w02azCdfzG4zfwZ,0,1980,3,184.54.197.103
R_w02azCdfzG4zfwZ,0,1980,3,184.54.197.103
R_4PH6lrWtKcohsqJ,1,1981,3,68.35.50.136
R_4PH6lrWtKcohsqJ,1,1981,3,68.35.50.136
R_2B2j7RF9OorXVvd,1,1961,2,120.29.100.138
R_2B2j7RF9OorXVvd,1,1961,2,120.29.100.138
R_31FeecHnovWzBhU,0,1991,5,24.218.192.81
R_31FeecHnovWzBhU,0,1991,5,24.218.192.81
R_2tKDexSKIF2XHxm,1,1989,2,192.35.35.34
R_2tKDexSKIF2XHxm,1,1989,2,192.35.35.34
R_qRbp0ymcS9nDVAJ,0,1954,4,50.82.73.90
R_qRbp0ymcS9nDVAJ,0,1954,4,50.82.73.90
R_31BI8nv3tMwKoom,1,1987,1,98.245.66.27
R_31BI8nv3tMwKoom,1,1987,1,98.245.66.27
R_RPRPxLtmkzHoUJb,0,1983,5,99.203.30.198
R_RPRPxLtmkzHoUJb,0,1983,5,99.203.30.198
R_RCcl9mVZJHwJXz3,1,1947,4,173.191.32.186
R_RCcl9mVZJHwJXz3,1,1947,4,173.191.32.186
R_wNWp3MTCoC4w1bP,1,1963,2,174.217.16.34
R_wNWp3MTCoC4w1bP,1,1963,2,174.217.16.34
R_1gwMBxeJN6faXNb,1,1993,2,209.105.139.226
R_1gwMBxeJN6faXNb,1,1993,2,209.105.139.226
R_2AQdmKQBfVlLftG,0,1982,2,72.77.34.42
R_2AQdmKQBfVlLftG,0,1982,2,72.77.34.42
R_SHmOsOug5uEI3zX,1,1949,2,98.224.184.136
R_SHmOsOug5uEI3zX,1,1949,2,98.224.184.136
R_3n7Aow9CxXYgN8R,0,1991,2,24.168.250.136
R_3n7Aow9CxXYgN8R,0,1991,2,24.168.250.136
R_3n7NED9jjbK5Fse,1,1988,5,47.41.236.225
R_3n7NED9jjbK5Fse,1,1988,5,47.41.236.225
R_UzKk0x9J9nwQBY5,1,1993,3,71.183.53.105
R_UzKk0x9J9nwQBY5,1,1993,3,71.183.53.105
R_Pvo1DNYv9ARcLmx,1,1984,2,73.139.175.205
R_Pvo1DNYv9ARcLmx,1,1984,2,73.139.175.205
R_3lVmCuRLSgNw3EJ,0,1994,1,8.41.192.186
R_3lVmCuRLSgNw3EJ,0,1994,1,8.41.192.186
R_1LpP9kh2xSO5sRi,1,1983,2,165.225.34.110
R_1LpP9kh2xSO5sRi,1,1983,2,165.225.34.110
R_wNrVgjc82hthWbD,0,1984,1,174.255.8.129
R_wNrVgjc82hthWbD,0,1984,1,174.255.8.129
R_3lKpF741q1W6mj9,0,1985,2,67.198.44.90
R_3lKpF741q1W6mj9,0,1985,2,67.198.44.90
R_2gxMyBAjonu5o6R,1,1991,3,75.161.1.135
R_2gxMyBAjonu5o6R,1,1991,3,75.161.1.135
R_1C8AbBRrlA0kON5,1,1984,2,24.95.184.162
R_1C8AbBRrlA0kON5,1,1984,2,24.95.184.162
R_2X5uVc5LBtWa1Zy,0,1983,3,108.171.111.21
R_2X5uVc5LBtWa1Zy,0,1983,3,108.171.111.21
R_51JvhfduYNbPKrD,1,1987,2,90.198.227.155
R_51JvhfduYNbPKrD,1,1987,2,90.198.227.155
R_3KDU2JHIXo36v1A,1,1984,2,198.213.89.243
R_3KDU2JHIXo36v1A,1,1984,2,198.213.89.243
R_3QGB6qv1zHFDh2h,1,1971,2,24.1.167.148
R_3QGB6qv1zHFDh2h,1,1971,2,24.1.167.148
R_1Qct4S45WMxIX6a,1,1990,2,24.46.16.221
R_1Qct4S45WMxIX6a,1,1990,2,24.46.16.221
R_2v9aNNIpPcgJ53t,1,1984,2,152.26.179.25
R_2v9aNNIpPcgJ53t,1,1984,2,152.26.179.25
R_25LUAxptq5jYVBR,0,1993,2,73.112.56.138
R_25LUAxptq5jYVBR,0,1993,2,73.112.56.138
R_3qBunafUBbXrfqs,1,1979,3,184.183.173.159
R_3qBunafUBbXrfqs,1,1979,3,184.183.173.159
R_XzlcJ2nha8OniQp,1,1993,2,12.96.20.18
R_XzlcJ2nha8OniQp,1,1993,2,12.96.20.18
R_3HBxbJI8zBOZ2QX,1,1968,3,67.183.9.80
R_3HBxbJI8zBOZ2QX,1,1968,3,67.183.9.80
R_3OqVkYqDU1SVxcx,0,1951,4,174.102.237.129
R_3OqVkYqDU1SVxcx,0,1951,4,174.102.237.129
R_2qrZdtwgc5FF8E5,1,1984,2,50.73.35.99
R_2qrZdtwgc5FF8E5,1,1984,2,50.73.35.99
R_2QMw3PTSAJwZY2l,0,1980,5,98.113.33.113
R_2QMw3PTSAJwZY2l,0,1980,5,98.113.33.113
R_AcYYJnko3it0UKd,0,1988,2,100.11.22.152
R_AcYYJnko3it0UKd,0,1988,2,100.11.22.152
R_W0SnRPqrss39JnP,1,1949,4,137.118.148.146
R_W0SnRPqrss39JnP,1,1949,4,137.118.148.146
R_1dhTpwUGbibK5nM,0,1983,5,24.225.104.22
R_1dhTpwUGbibK5nM,0,1983,5,24.225.104.22
R_27rEn6s6uAlPguM,0,1961,2,73.61.142.248
R_27rEn6s6uAlPguM,0,1961,2,73.61.142.248
R_3oWRyVzHDZDGtA5,0,1983,2,71.211.146.19
R_3oWRyVzHDZDGtA5,0,1983,2,71.211.146.19
R_33BdMbWJmtmz0Dx,0,1997,2,73.150.243.66
R_33BdMbWJmtmz0Dx,0,1997,2,73.150.243.66
R_21mLssIHdb3qc7B,0,1987,2,38.27.128.149
R_21mLssIHdb3qc7B,0,1987,2,38.27.128.149
R_29aYrBSxdE5eABd,0,1987,2,72.35.49.106
R_29aYrBSxdE5eABd,0,1987,2,72.35.49.106
R_2BlgN7Fle3TXmCk,1,1983,3,76.108.240.6
R_2BlgN7Fle3TXmCk,1,1983,3,76.108.240.6
R_25tkkiBI8DJzvFq,0,1976,2,67.60.100.149
R_25tkkiBI8DJzvFq,0,1976,2,67.60.100.149
R_3KxaxJ9c43LDrC9,1,1972,2,64.86.52.6
R_3KxaxJ9c43LDrC9,1,1972,2,64.86.52.6
R_2ONEzkQuR2TS1Sx,1,1949,4,68.59.37.15
R_2ONEzkQuR2TS1Sx,1,1949,4,68.59.37.15
R_31YFMe91RvyaAbE,0,1993,2,208.84.138.84
R_31YFMe91RvyaAbE,0,1993,2,208.84.138.84
R_339XRnv1uBgAbaF,1,1997,3,73.48.230.133
R_339XRnv1uBgAbaF,1,1997,3,73.48.230.133
R_2pXeIudEOrKJGs1,0,1988,2,73.216.77.146
R_2pXeIudEOrKJGs1,0,1988,2,73.216.77.146
R_31bawDJb8NJICtv,1,1984,2,12.110.248.226
R_31bawDJb8NJICtv,1,1984,2,12.110.248.226
R_2cu6nDuLInRGxU3,0,1984,2,199.195.208.43
R_2cu6nDuLInRGxU3,0,1984,2,199.195.208.43
R_21ik5WKKlm1SPKg,0,1989,2,104.218.55.101
R_21ik5WKKlm1SPKg,0,1989,2,104.218.55.101
R_3KIOwWMRJVJj8Ra,1,1983,2,184.101.116.89
R_3KIOwWMRJVJj8Ra,1,1983,2,184.101.116.89
R_1EjvfYdch9Sk30d,1,1972,2,99.203.21.21
R_1EjvfYdch9Sk30d,1,1972,2,99.203.21.21
R_UQMpPgdeGTbxuM1,0,1987,3,47.198.225.75
R_UQMpPgdeGTbxuM1,0,1987,3,47.198.225.75
R_211vLcHONSTB0Jp,0,1982,2,174.217.42.220
R_211vLcHONSTB0Jp,0,1982,2,174.217.42.220
R_2X5MLXTnPePVmJl,1,1985,2,68.185.54.6
R_2X5MLXTnPePVmJl,1,1985,2,68.185.54.6
R_BxJ9LfoA2Yn0Qtr,0,1977,2,76.97.137.20
R_BxJ9LfoA2Yn0Qtr,0,1977,2,76.97.137.20
R_2s0UER0g6DJaOoM,0,1965,6,73.115.64.75
R_2s0UER0g6DJaOoM,0,1965,6,73.115.64.75
R_em40yTDoAv36YSZ,1,1977,3,67.191.37.134
R_em40yTDoAv36YSZ,1,1977,3,67.191.37.134
R_1dxYKYVH13bVqiu,0,1981,2,174.218.142.139
R_1dxYKYVH13bVqiu,0,1981,2,174.218.142.139
R_3lt85ITEX1EW7hJ,1,1987,2,174.203.34.229
R_3lt85ITEX1EW7hJ,1,1987,2,174.203.34.229
R_2w5MkMTDRkpTXmB,0,1984,2,43.245.203.76
R_2w5MkMTDRkpTXmB,0,1984,2,43.245.203.76
R_2qqid9H4OuupMrx,0,1992,2,207.203.39.120
R_2qqid9H4OuupMrx,0,1992,2,207.203.39.120
R_2DNRGFCddw4Irrg,0,1961,5,173.48.171.202
R_2DNRGFCddw4Irrg,0,1961,5,173.48.171.202
R_33qyxy0LOZNTb2l,0,1982,2,67.44.177.224
R_33qyxy0LOZNTb2l,0,1982,2,67.44.177.224
R_3KUYLZgFNmSGQoE,0,1961,4,71.195.15.101
R_3KUYLZgFNmSGQoE,0,1961,4,71.195.15.101
R_2ypf7Q5c5YnMm8q,0,1982,6,96.35.4.214
R_2ypf7Q5c5YnMm8q,0,1982,6,96.35.4.214
R_2SoDL1Tmw6bgsQ5,1,1981,2,50.46.133.160
R_2SoDL1Tmw6bgsQ5,1,1981,2,50.46.133.160
R_ZHNViZwGVWY527f,0,1979,2,99.62.88.55
R_ZHNViZwGVWY527f,0,1979,2,99.62.88.55
R_2ur0R6A8wyP7a7k,0,1985,2,156.40.216.2
R_2ur0R6A8wyP7a7k,0,1985,2,156.40.216.2
R_A7FA719b8kPvGuZ,0,1982,3,98.166.45.49
R_A7FA719b8kPvGuZ,0,1982,3,98.166.45.49
R_1LM8xRkYWFIOYb0,0,1989,2,186.178.72.52
R_1LM8xRkYWFIOYb0,0,1989,2,186.178.72.52
R_1dzUHXkdWVyKPD2,1,1982,2,71.229.5.229
R_1dzUHXkdWVyKPD2,1,1982,2,71.229.5.229
R_31bFE0z0yy3nkqF,1,1988,2,50.236.85.219
R_31bFE0z0yy3nkqF,1,1988,2,50.236.85.219
R_3CTvP0xWsnPXgYk,0,1976,2,108.232.39.22
R_3CTvP0xWsnPXgYk,0,1976,2,108.232.39.22
R_3HB1S6VzTs9flzp,0,1964,2,71.233.40.13
R_3HB1S6VzTs9flzp,0,1964,2,71.233.40.13
R_2CIWDGoCc39s4N5,1,1985,3,73.55.204.192
R_2CIWDGoCc39s4N5,1,1985,3,73.55.204.192
R_3R42kE2171KLOui,0,1972,2,74.51.168.19
R_3R42kE2171KLOui,0,1972,2,74.51.168.19
R_2CIk9txM1SjHquu,1,1981,2,213.205.242.14
R_2CIk9txM1SjHquu,1,1981,2,213.205.242.14
R_yyFe9DPqoFuEBSV,0,1992,2,70.62.39.82
R_yyFe9DPqoFuEBSV,0,1992,2,70.62.39.82
R_3MJt9edOtz3n76O,1,1991,3,142.197.59.109
R_3MJt9edOtz3n76O,1,1991,3,142.197.59.109
R_2tupyzsmqeVUsi5,1,1989,2,98.117.94.224
R_2tupyzsmqeVUsi5,1,1989,2,98.117.94.224
R_82pzp5weSF9kek1,1,1959,2,174.27.87.2
R_82pzp5weSF9kek1,1,1959,2,174.27.87.2
R_3KpL5MkTu3grdqp,1,1984,2,188.163.103.16
R_3KpL5MkTu3grdqp,1,1984,2,188.163.103.16
R_79RSYnSuletx2gN,1,1991,3,72.47.27.53
R_79RSYnSuletx2gN,1,1991,3,72.47.27.53
R_1dLiWTDtfECJmBE,0,1983,2,72.90.66.13
R_1dLiWTDtfECJmBE,0,1983,2,72.90.66.13
R_10q5BhKtVWe2ot9,0,1959,5,72.89.133.232
R_10q5BhKtVWe2ot9,0,1959,5,72.89.133.232
R_2qkKjd4ysBhyjc2,0,1984,2,173.26.103.49
R_2qkKjd4ysBhyjc2,0,1984,2,173.26.103.49
R_0UPHd8jWGbaVZTz,0,1993,3,76.109.17.176
R_0UPHd8jWGbaVZTz,0,1993,3,76.109.17.176
R_3QWPL31to8D1ABv,0,1960,2,96.32.160.62
R_3QWPL31to8D1ABv,0,1960,2,96.32.160.62
R_3PsEitwEFPTX6uB,1,1992,2,38.100.151.206
R_3PsEitwEFPTX6uB,1,1992,2,38.100.151.206
R_1IbHiJXsU8YG219,0,1981,3,216.14.243.181
R_1IbHiJXsU8YG219,0,1981,3,216.14.243.181
R_1rkxWzMwB1iUtIi,1,1995,1,76.110.4.223
R_1rkxWzMwB1iUtIi,1,1995,1,76.110.4.223
R_1eRbOcL5kbD9A0x,1,1979,2,67.253.98.90
R_1eRbOcL5kbD9A0x,1,1979,2,67.253.98.90
R_2P4MfmLKjjhyjAW,0,1990,2,50.43.58.154
R_2P4MfmLKjjhyjAW,0,1990,2,50.43.58.154
R_2uP1whDsmrnfUwM,0,1979,2,24.160.70.38
R_2uP1whDsmrnfUwM,0,1979,2,24.160.70.38
R_2woS5TJe9rjxbQs,0,1969,3,72.23.176.115
R_2woS5TJe9rjxbQs,0,1969,3,72.23.176.115
R_NVLeJImaMHDRQWt,1,1949,4,97.120.147.29
R_NVLeJImaMHDRQWt,1,1949,4,97.120.147.29
R_1Nspy4aNLlHz824,1,1975,2,75.168.0.73
R_1Nspy4aNLlHz824,1,1975,2,75.168.0.73
R_0HEO3NzqAlGpXlD,1,1990,2,47.148.167.203
R_0HEO3NzqAlGpXlD,1,1990,2,47.148.167.203
R_2wvLIsVh79QtZ1S,1,1980,2,73.228.176.127
R_2wvLIsVh79QtZ1S,1,1980,2,73.228.176.127
R_TnCXZUrHWNwPcsx,1,1949,4,24.47.213.31
R_TnCXZUrHWNwPcsx,1,1949,4,24.47.213.31
R_r3Is1M6WvRClTnr,1,1987,2,71.60.31.147
R_r3Is1M6WvRClTnr,1,1987,2,71.60.31.147
R_27xJrIcwwJPKke4,1,1995,2,66.172.247.190
R_27xJrIcwwJPKke4,1,1995,2,66.172.247.190
R_yDNSl9YbTs2Dty9,1,1992,2,73.51.191.49
R_yDNSl9YbTs2Dty9,1,1992,2,73.51.191.49
R_2QlaScRVb09QRd9,1,1975,3,200.139.70.228
R_2QlaScRVb09QRd9,1,1975,3,200.139.70.228
R_2PjunXcUDMq8tiO,1,1979,2,65.25.44.236
R_2PjunXcUDMq8tiO,1,1979,2,65.25.44.236
R_5nkxyzNA8YLvH9f,1,1992,3,71.197.157.206
R_5nkxyzNA8YLvH9f,1,1992,3,71.197.157.206
R_3rU83TBWBO5GY2W,1,1985,3,66.188.55.188
R_3rU83TBWBO5GY2W,1,1985,3,66.188.55.188
R_2di3EDVM4FKbu8g,0,1987,2,73.120.107.149
R_2di3EDVM4FKbu8g,0,1987,2,73.120.107.149
R_1KkiSV62ALgkR6w,0,1948,3,73.165.184.111
R_1KkiSV62ALgkR6w,0,1948,3,73.165.184.111
R_BFbxuN5M1UUKknL,0,1987,2,205.156.136.229
R_BFbxuN5M1UUKknL,0,1987,2,205.156.136.229
R_2Eb0eY4x6jlvBwV,0,1978,2,104.153.159.50
R_2Eb0eY4x6jlvBwV,0,1978,2,104.153.159.50
R_OPfZdZPeJiYXdSN,0,1977,2,198.140.4.205
R_OPfZdZPeJiYXdSN,0,1977,2,198.140.4.205
R_1Fs4V3fyq676KHO,1,1978,3,70.60.202.70
R_1Fs4V3fyq676KHO,1,1978,3,70.60.202.70
R_r3IOz52bZieg0XT,0,1968,2,71.197.160.59
R_r3IOz52bZieg0XT,0,1968,2,71.197.160.59
R_2BlkUqnNNWs4RUX,0,1992,2,24.211.96.104
R_2BlkUqnNNWs4RUX,0,1992,2,24.211.96.104
R_28HEHNMsk49J2IJ,1,1985,2,172.245.214.104
R_28HEHNMsk49J2IJ,1,1985,2,172.245.214.104
R_2VqCt3W5cixUmbk,1,1965,2,68.197.247.13
R_2VqCt3W5cixUmbk,1,1965,2,68.197.247.13
R_30hRz7OUhNRY9bn,0,1987,1,99.174.218.180
R_30hRz7OUhNRY9bn,0,1987,1,99.174.218.180
R_2BmJz6LMnWlLKfu,1,1950,2,174.18.113.224
R_2BmJz6LMnWlLKfu,1,1950,2,174.18.113.224
R_3s4DQYwpdXCa2Ln,1,1980,3,97.80.144.250
R_3s4DQYwpdXCa2Ln,1,1980,3,97.80.144.250
R_2RXoGHZdfvBWoCW,1,1979,2,204.102.229.130
R_2RXoGHZdfvBWoCW,1,1979,2,204.102.229.130
R_3QLscnai58ryyck,1,1989,2,183.83.228.222
R_3QLscnai58ryyck,1,1989,2,183.83.228.222
R_3PS5OPjusIz7Ett,0,1973,2,173.242.166.70
R_3PS5OPjusIz7Ett,0,1973,2,173.242.166.70
R_2OOo9V1QQN4LlND,1,1983,2,99.203.16.100
R_2OOo9V1QQN4LlND,1,1983,2,99.203.16.100
R_3J1TU9oQ3gbJ6Ex,0,1961,6,73.26.55.87
R_3J1TU9oQ3gbJ6Ex,0,1961,6,73.26.55.87
R_2YJ6FOigPqzDw94,0,1989,6,172.77.172.174
R_2YJ6FOigPqzDw94,0,1989,6,172.77.172.174
R_3meqRfAR213oeXm,0,1977,5,97.104.210.56
R_3meqRfAR213oeXm,0,1977,5,97.104.210.56
R_3GprTSQs8R3jH7v,1,1982,2,108.171.135.166
R_3GprTSQs8R3jH7v,1,1982,2,108.171.135.166
R_1EYDsmw2278jKfn,1,1980,2,201.67.162.14
R_1EYDsmw2278jKfn,1,1980,2,201.67.162.14
R_1M5SxU01FfKWpiM,1,1992,2,99.28.8.89
R_1M5SxU01FfKWpiM,1,1992,2,99.28.8.89
R_2QQBPS5OiJl2NlE,0,1972,2,67.98.222.16
R_2QQBPS5OiJl2NlE,0,1972,2,67.98.222.16
R_3R7x2HymeIchD7N,0,1983,2,68.54.140.19
R_3R7x2HymeIchD7N,0,1983,2,68.54.140.19
R_1dN24kVEOuHntCS,0,1981,2,174.55.134.23
R_1dN24kVEOuHntCS,0,1981,2,174.55.134.23
R_vITlrDUWYh0VAIh,1,1992,2,71.84.95.84
R_vITlrDUWYh0VAIh,1,1992,2,71.84.95.84
R_yIqOifnxRY76aMp,0,1995,2,24.140.108.98
R_yIqOifnxRY76aMp,0,1995,2,24.140.108.98
R_ehrRMhmodKmKVJD,0,1995,2,128.175.107.219
R_ehrRMhmodKmKVJD,0,1995,2,128.175.107.219
R_1Gw8lnhFhW5r2Hz,0,1970,2,206.16.224.135
R_1Gw8lnhFhW5r2Hz,0,1970,2,206.16.224.135
R_3Ea0LQ4aC1GhtU1,1,1995,2,146.115.208.212
R_3Ea0LQ4aC1GhtU1,1,1995,2,146.115.208.212
R_9ZbzsGoWxO0UVKp,1,1976,2,162.220.41.206
R_9ZbzsGoWxO0UVKp,1,1976,2,162.220.41.206
R_300gOn9uhlXgK8u,1,1981,2,128.23.28.83
R_300gOn9uhlXgK8u,1,1981,2,128.23.28.83
R_AKIoP5lsKbj6F2x,0,1976,2,207.179.230.161
R_AKIoP5lsKbj6F2x,0,1976,2,207.179.230.161
R_1hRJT7u4fTGDgmB,1,1995,5,24.19.11.63
R_1hRJT7u4fTGDgmB,1,1995,5,24.19.11.63
R_11chLEHheIOHnWf,1,1984,2,192.132.44.54
R_11chLEHheIOHnWf,1,1984,2,192.132.44.54
R_10Na5goHPJgh3fP,1,1985,2,104.137.42.140
R_10Na5goHPJgh3fP,1,1985,2,104.137.42.140
R_1hMFmMKCduSBIbg,0,1991,3,73.96.107.16
R_1hMFmMKCduSBIbg,0,1991,3,73.96.107.16
R_5nCcJk6zMzPPrpL,0,1974,2,108.2.215.50
R_5nCcJk6zMzPPrpL,0,1974,2,108.2.215.50
R_1qXuxnOPnsK3IPB,0,1976,2,68.168.89.190
R_1qXuxnOPnsK3IPB,0,1976,2,68.168.89.190
R_2XdOzNl92TBIUAn,1,1960,6,174.96.102.130
R_2XdOzNl92TBIUAn,1,1960,6,174.96.102.130
R_1LhXAkAp4KomRPX,0,1978,2,161.165.196.112
R_1LhXAkAp4KomRPX,0,1978,2,161.165.196.112
R_1mUclnUnfIfkhAD,1,1990,1,68.107.111.227
R_1mUclnUnfIfkhAD,1,1990,1,68.107.111.227
R_3noNQnTX5tYa8At,0,1983,2,47.221.152.95
R_3noNQnTX5tYa8At,0,1983,2,47.221.152.95
R_273GdNseqKcjUpP,1,1959,2,108.202.89.175
R_273GdNseqKcjUpP,1,1959,2,108.202.89.175
R_AvqlvhZo0DzW3jX,1,1969,2,146.189.165.252
R_AvqlvhZo0DzW3jX,1,1969,2,146.189.165.252
R_1QrvM4GIbeN3RMx,0,1977,5,96.233.108.223
R_1QrvM4GIbeN3RMx,0,1977,5,96.233.108.223
R_1gwJGJDVvXhETOU,0,1991,3,148.74.35.152
R_1gwJGJDVvXhETOU,0,1991,3,148.74.35.152
R_28UoKCtB1kKiHPF,1,1979,2,192.182.184.10
R_28UoKCtB1kKiHPF,1,1979,2,192.182.184.10
R_DpjX71n3QmP4KZj,0,1966,3,75.172.188.19
R_DpjX71n3QmP4KZj,0,1966,3,75.172.188.19
R_x5VOXxUlSbotYpH,1,1968,2,73.77.190.239
R_x5VOXxUlSbotYpH,1,1968,2,73.77.190.239
R_3NysNZZ4uqDwk8y,0,1989,3,74.137.60.167
R_3NysNZZ4uqDwk8y,0,1989,3,74.137.60.167
R_3PbKbsQl1IxhxJh,1,1967,3,50.111.50.230
R_3PbKbsQl1IxhxJh,1,1967,3,50.111.50.230
R_2ZTGlspu5YOIoSK,0,1949,4,184.59.83.144
R_2ZTGlspu5YOIoSK,0,1949,4,184.59.83.144
R_3EyWsATpIMKo14Y,0,1959,4,66.196.26.83
R_3EyWsATpIMKo14Y,0,1959,4,66.196.26.83
R_2trloWonwfuGnwg,0,1984,2,75.105.78.94
R_2trloWonwfuGnwg,0,1984,2,75.105.78.94
R_1YXbs0M8qMrBb4R,1,1984,3,74.110.207.57
R_1YXbs0M8qMrBb4R,1,1984,3,74.110.207.57
R_2s1J2FYzmykIebs,1,1991,2,73.182.224.118
R_2s1J2FYzmykIebs,1,1991,2,73.182.224.118
R_24vfy0CkLsuCVgI,1,1984,2,23.106.26.74
R_24vfy0CkLsuCVgI,1,1984,2,23.106.26.74
R_12aIm2wkrrhTkc1,0,1998,2,184.164.147.5
R_12aIm2wkrrhTkc1,0,1998,2,184.164.147.5
R_25NrHNlZpyVbGGX,1,1981,2,73.71.209.93
R_25NrHNlZpyVbGGX,1,1981,2,73.71.209.93
R_O6H21IEWnXsHsK5,0,1987,2,75.187.69.219
R_O6H21IEWnXsHsK5,0,1987,2,75.187.69.219
R_3MxI9LRbQ4MrIBi,1,1976,2,72.84.107.65
R_3MxI9LRbQ4MrIBi,1,1976,2,72.84.107.65
R_2coxzH6GpaKTd0p,0,1978,2,162.192.89.154
R_2coxzH6GpaKTd0p,0,1978,2,162.192.89.154
R_2WCLDBHTvU3R7Ju,0,1964,3,173.62.213.175
R_2WCLDBHTvU3R7Ju,0,1964,3,173.62.213.175
R_3iVAK6qPkLI5tXI,0,1989,3,98.24.118.246
R_3iVAK6qPkLI5tXI,0,1989,3,98.24.118.246
R_12GajDdAe7cH2iO,0,1984,5,38.132.115.209
R_12GajDdAe7cH2iO,0,1984,5,38.132.115.209
R_6MxkVvY9teB9bSp,1,1984,2,75.147.113.177
R_6MxkVvY9teB9bSp,1,1984,2,75.147.113.177
R_2SrE53i1ThhOuo9,1,1978,2,154.76.135.89
R_2SrE53i1ThhOuo9,1,1978,2,154.76.135.89
R_OdpKd9HLruR1Rw5,0,1987,3,75.86.25.24
R_OdpKd9HLruR1Rw5,0,1987,3,75.86.25.24
R_1QJETLfIqBzk2gk,0,1993,1,97.70.198.126
R_1QJETLfIqBzk2gk,0,1993,1,97.70.198.126
R_3gOa0wK9duIhiXm,1,1957,2,99.50.120.190
R_3gOa0wK9duIhiXm,1,1957,2,99.50.120.190
R_9oACDDyWGwPmIvL,0,1982,2,152.26.210.33
R_9oACDDyWGwPmIvL,0,1982,2,152.26.210.33
R_XyXSMAOFnChzhf3,1,1993,2,136.2.33.166
R_XyXSMAOFnChzhf3,1,1993,2,136.2.33.166
R_3GqDmPb4HqNd97R,0,1987,2,204.58.233.6
R_3GqDmPb4HqNd97R,0,1987,2,204.58.233.6
R_2ZUgIdjF9lyPolB,0,1990,2,208.100.170.91
R_2ZUgIdjF9lyPolB,0,1990,2,208.100.170.91
R_svdLL55eUWEl3UJ,1,1981,3,76.185.183.214
R_svdLL55eUWEl3UJ,1,1981,3,76.185.183.214
R_2AHK2tkwR4c5T7Q,0,1960,3,173.75.52.27
R_2AHK2tkwR4c5T7Q,0,1960,3,173.75.52.27
R_3svHbZBWOQ4EWd4,0,1985,3,198.255.236.232
R_3svHbZBWOQ4EWd4,0,1985,3,198.255.236.232
R_9morBAPCppMzbtD,1,1965,3,73.75.151.81
R_9morBAPCppMzbtD,1,1965,3,73.75.151.81
R_0BeVZQhZ8Udj4eR,1,1973,2,107.77.196.78
R_0BeVZQhZ8Udj4eR,1,1973,2,107.77.196.78
R_dc0YD5fVQ9xO121,0,1979,3,47.42.93.124
R_dc0YD5fVQ9xO121,0,1979,3,47.42.93.124
R_2BmqpkVmZCaVvJC,1,1985,2,108.171.130.160
R_2BmqpkVmZCaVvJC,1,1985,2,108.171.130.160
R_1dcC0phimlvACIh,1,1970,2,162.198.44.182
R_1dcC0phimlvACIh,1,1970,2,162.198.44.182
R_32YjyZhMRWBkj7G,0,1967,2,68.227.12.219
R_32YjyZhMRWBkj7G,0,1967,2,68.227.12.219
R_2c88W71SPUoPSLf,0,1989,2,24.102.157.57
R_2c88W71SPUoPSLf,0,1989,2,24.102.157.57
R_3QK2xoTpIZuitU7,0,1981,3,68.170.242.87
R_3QK2xoTpIZuitU7,0,1981,3,68.170.242.87
R_3fBqYycS75uxeiy,0,1982,6,67.143.176.51
R_3fBqYycS75uxeiy,0,1982,6,67.143.176.51
R_7POQCbzC6Ovjtuh,0,1980,2,75.177.98.242
R_7POQCbzC6Ovjtuh,0,1980,2,75.177.98.242
R_2wnpOMEyGsLeKsG,0,1983,2,96.253.5.172
R_2wnpOMEyGsLeKsG,0,1983,2,96.253.5.172
R_1diUlDTfMT7CrF9,0,1989,3,68.10.185.74
R_1diUlDTfMT7CrF9,0,1989,3,68.10.185.74
R_12mt8PSWCaDew6w,0,1989,2,24.180.158.173
R_12mt8PSWCaDew6w,0,1989,2,24.180.158.173
R_1P8eU037ofvlBE7,0,1988,2,45.52.119.107
R_1P8eU037ofvlBE7,0,1988,2,45.52.119.107
R_1E6bsHjJ4zhnOuq,0,1961,6,73.26.55.87
R_1E6bsHjJ4zhnOuq,0,1961,6,73.26.55.87
R_RwOs836aAf8BWZX,1,1989,2,24.46.117.154
R_RwOs836aAf8BWZX,1,1989,2,24.46.117.154
R_2z5PnNv01kvZ1Kp,1,1966,2,24.61.204.167
R_2z5PnNv01kvZ1Kp,1,1966,2,24.61.204.167
R_10SNy3N6PSvwdWr,1,1989,5,74.66.213.88
R_10SNy3N6PSvwdWr,1,1989,5,74.66.213.88
R_2dtoAkXifPOZjbo,0,1985,2,104.1.203.52
R_2dtoAkXifPOZjbo,0,1985,2,104.1.203.52
R_DDcoreDCXYpAlup,1,1989,2,157.48.114.62
R_DDcoreDCXYpAlup,1,1989,2,157.48.114.62
R_1igifmIoJRuPLmq,0,1981,2,23.126.202.49
R_1igifmIoJRuPLmq,0,1981,2,23.126.202.49
R_UDyiCG8CVWzDdC1,1,1981,2,64.71.174.45
R_UDyiCG8CVWzDdC1,1,1981,2,64.71.174.45
R_yWnN1IkN4KDK56p,0,1994,2,162.237.255.93
R_yWnN1IkN4KDK56p,0,1994,2,162.237.255.93
R_1IgWaO5gDVnywZL,1,1983,2,73.181.254.41
R_1IgWaO5gDVnywZL,1,1983,2,73.181.254.41
R_xt5BuxEpUpH9CFj,0,1978,3,74.98.211.120
R_xt5BuxEpUpH9CFj,0,1978,3,74.98.211.120
R_2f3CMfwbK9EIM0g,0,1987,3,71.201.227.109
R_2f3CMfwbK9EIM0g,0,1987,3,71.201.227.109
R_1JIuayXdgcCyf1u,1,1985,3,74.137.135.146
R_1JIuayXdgcCyf1u,1,1985,3,74.137.135.146
R_1mPHYg4mnb7F86n,0,1994,3,73.82.161.109
R_1mPHYg4mnb7F86n,0,1994,3,73.82.161.109
R_tYYEn7uGPJ31SGl,0,1954,2,148.64.39.165
R_tYYEn7uGPJ31SGl,0,1954,2,148.64.39.165
R_1EaH3SFJJ30BnRb,1,1981,3,63.151.141.158
R_1EaH3SFJJ30BnRb,1,1981,3,63.151.141.158
R_2VluJq2qfmNk4bW,0,1990,2,174.218.0.187
R_2VluJq2qfmNk4bW,0,1990,2,174.218.0.187
R_2zr0nMjPLIfgYrt,0,1973,2,72.33.2.87
R_2zr0nMjPLIfgYrt,0,1973,2,72.33.2.87
R_3flfpuPb93fzT5X,0,1965,2,190.104.221.139
R_3flfpuPb93fzT5X,0,1965,2,190.104.221.139
R_11cGz3Y3mAVjgSk,0,1969,3,64.250.12.111
R_11cGz3Y3mAVjgSk,0,1969,3,64.250.12.111
R_1goKPUZ6xIXff2M,0,1980,2,67.254.210.204
R_1goKPUZ6xIXff2M,0,1980,2,67.254.210.204
R_8IVwhNyNO1PrFex,1,1975,2,185.125.225.12
R_8IVwhNyNO1PrFex,1,1975,2,185.125.225.12
R_O6x5bkYEygKpkXL,0,1988,1,134.53.89.225
R_O6x5bkYEygKpkXL,0,1988,1,134.53.89.225
R_O9EgTqYRHysaOOd,1,1958,2,74.105.105.248
R_O9EgTqYRHysaOOd,1,1958,2,74.105.105.248
R_wSuapJ9j8ATZIpr,0,1987,3,67.242.210.15
R_wSuapJ9j8ATZIpr,0,1987,3,67.242.210.15
R_bOzpIKrA1pZzLs5,1,1985,2,63.207.239.185
R_bOzpIKrA1pZzLs5,1,1985,2,63.207.239.185
R_XNQNSZvZtdOvGPn,1,1982,2,73.168.184.71
R_XNQNSZvZtdOvGPn,1,1982,2,73.168.184.71
R_2TpiUmeRKEznXEm,0,1970,2,72.152.227.28
R_2TpiUmeRKEznXEm,0,1970,2,72.152.227.28
R_33DuRLYub5HKy9t,1,1977,2,66.142.195.201
R_33DuRLYub5HKy9t,1,1977,2,66.142.195.201
R_3KGEii9tuYcwfDA,1,1977,2,24.96.245.91
R_3KGEii9tuYcwfDA,1,1977,2,24.96.245.91
R_2w5BC275tME5q0m,0,1996,1,72.182.9.37
R_2w5BC275tME5q0m,0,1996,1,72.182.9.37
R_1LBeoHmS46TZRKN,1,1987,2,71.71.88.77
R_1LBeoHmS46TZRKN,1,1987,2,71.71.88.77
R_3lxBzmwNQvw5h57,0,1988,3,73.171.143.92
R_3lxBzmwNQvw5h57,0,1988,3,73.171.143.92
R_1CxBEv4jvQEMfpN,0,1989,2,96.245.155.163
R_1CxBEv4jvQEMfpN,0,1989,2,96.245.155.163
R_1C268aCTfvOUxZg,0,1953,4,67.44.208.237
R_1C268aCTfvOUxZg,0,1953,4,67.44.208.237
R_2D1gBUE5Vgk5wLu,1,1968,5,108.247.115.21
R_2D1gBUE5Vgk5wLu,1,1968,5,108.247.115.21
R_sU6xYNEmnDv5rhL,0,1978,2,173.215.62.237
R_sU6xYNEmnDv5rhL,0,1978,2,173.215.62.237
R_AuFd5nxqXDJWEIV,0,1987,2,73.77.176.159
R_AuFd5nxqXDJWEIV,0,1987,2,73.77.176.159
R_22RquaaBH3Tta4m,1,1981,2,149.101.37.2
R_22RquaaBH3Tta4m,1,1981,2,149.101.37.2
R_291gw9jU7NNpOr9,0,1990,2,209.37.105.2
R_291gw9jU7NNpOr9,0,1990,2,209.37.105.2
R_3kO4A5kliBo35k3,0,1988,2,65.37.106.49
R_3kO4A5kliBo35k3,0,1988,2,65.37.106.49
R_1eUVfGIQQIZrKBK,0,1968,2,67.8.219.117
R_1eUVfGIQQIZrKBK,0,1968,2,67.8.219.117
R_2tmoi46if4tSdTY,1,1989,2,50.196.209.249
R_2tmoi46if4tSdTY,1,1989,2,50.196.209.249
R_1gtHMWMy8YbBaE8,0,1991,5,108.85.67.12
R_1gtHMWMy8YbBaE8,0,1991,5,108.85.67.12
R_1OjITYDm5mGmsmU,1,1956,2,96.19.48.236
R_1OjITYDm5mGmsmU,1,1956,2,96.19.48.236
R_3QGIkjIrUjjgwUx,1,1992,2,24.60.176.206
R_3QGIkjIrUjjgwUx,1,1992,2,24.60.176.206
R_eOSppj7eBaIGcA9,1,1988,2,198.12.108.11
R_eOSppj7eBaIGcA9,1,1988,2,198.12.108.11
R_33kHyFvix0eNHqe,1,1985,2,76.187.65.25
R_33kHyFvix0eNHqe,1,1985,2,76.187.65.25
R_1qWWzYx8maTADyd,1,1980,2,40.139.94.147
R_1qWWzYx8maTADyd,1,1980,2,40.139.94.147
R_1Qaq7q9qTRFYLD3,1,1991,2,50.244.218.70
R_1Qaq7q9qTRFYLD3,1,1991,2,50.244.218.70
R_2c1NxpFaJUNku4a,1,1987,2,67.247.209.64
R_2c1NxpFaJUNku4a,1,1987,2,67.247.209.64
R_2fKhVZ2xSLR3VYk,1,1991,3,71.229.86.225
R_2fKhVZ2xSLR3VYk,1,1991,3,71.229.86.225
R_2QYib0VRcK92mEk,1,1985,3,113.173.30.76
R_2QYib0VRcK92mEk,1,1985,3,113.173.30.76
R_2a9mAGDcDAHvvU5,0,1959,3,24.176.45.173
R_2a9mAGDcDAHvvU5,0,1959,3,24.176.45.173
R_pawB1SVOd029Lax,1,1984,2,107.15.214.133
R_pawB1SVOd029Lax,1,1984,2,107.15.214.133
R_2D17qBab8e4LHQ4,0,1968,2,75.115.0.123
R_2D17qBab8e4LHQ4,0,1968,2,75.115.0.123
R_W2sfvr6wyahmPsJ,1,1983,2,108.188.24.222
R_W2sfvr6wyahmPsJ,1,1983,2,108.188.24.222
R_1Opk9CDG7gqgJJs,1,1984,2,98.242.134.101
R_1Opk9CDG7gqgJJs,1,1984,2,98.242.134.101
R_3k682g5J24DTdfk,0,1970,2,71.196.12.213
R_3k682g5J24DTdfk,0,1970,2,71.196.12.213
R_DMhQ91uKAdJ7nkR,0,1974,2,71.29.4.133
R_DMhQ91uKAdJ7nkR,0,1974,2,71.29.4.133
R_1dpkW65vzKFtQft,1,1985,2,181.50.202.235
R_1dpkW65vzKFtQft,1,1985,2,181.50.202.235
R_1eraRLLzChzSjI0,0,1970,2,100.36.197.45
R_1eraRLLzChzSjI0,0,1970,2,100.36.197.45
R_3fUArGw6jicOMh8,0,1984,3,24.55.121.187
R_3fUArGw6jicOMh8,0,1984,3,24.55.121.187
R_3emZNmjq1qzMXgX,0,1979,2,208.108.81.45
R_3emZNmjq1qzMXgX,0,1979,2,208.108.81.45
R_r2vXxO0OyeBinLz,0,1989,2,157.182.23.13
R_r2vXxO0OyeBinLz,0,1989,2,157.182.23.13
R_1hTlzo9TzpJ1GdG,1,1990,3,173.91.165.213
R_1hTlzo9TzpJ1GdG,1,1990,3,173.91.165.213
R_2uvTIlmCLErT408,0,1987,2,47.37.228.91
R_2uvTIlmCLErT408,0,1987,2,47.37.228.91
R_1ov6789shJ03Imy,1,1988,3,192.210.180.176
R_1ov6789shJ03Imy,1,1988,3,192.210.180.176
R_UQMa5FS7yYDyl8Z,1,1962,2,104.129.204.64
R_UQMa5FS7yYDyl8Z,1,1962,2,104.129.204.64
R_3fTYmbRFzXmnesT,1,1961,2,99.3.173.170
R_3fTYmbRFzXmnesT,1,1961,2,99.3.173.170
R_30681Znb8cFKzeX,0,1987,3,74.109.26.243
R_30681Znb8cFKzeX,0,1987,3,74.109.26.243
R_8BW0thgOlGtxr0J,1,1981,2,70.125.5.90
R_8BW0thgOlGtxr0J,1,1981,2,70.125.5.90
R_3oAtmMF2OqDNb3k,1,1983,2,68.113.224.226
R_3oAtmMF2OqDNb3k,1,1983,2,68.113.224.226
R_2rkXCbAhMXzOrxO,0,1978,2,73.155.195.22
R_2rkXCbAhMXzOrxO,0,1978,2,73.155.195.22
R_2Bx2JV1YTtbbqaF,1,1981,2,99.114.126.115
R_2Bx2JV1YTtbbqaF,1,1981,2,99.114.126.115
R_1jdnuBHULFfgekz,0,1972,3,75.186.74.235
R_1jdnuBHULFfgekz,0,1972,3,75.186.74.235
R_rjeA73iR3MOpma5,1,1983,2,68.4.250.63
R_rjeA73iR3MOpma5,1,1983,2,68.4.250.63
R_3dYBj5uSKhPE7ED,0,1955,5,204.108.237.194
R_3dYBj5uSKhPE7ED,0,1955,5,204.108.237.194
R_0JHOEzP2dhwD9hT,1,1974,5,24.158.195.220
R_0JHOEzP2dhwD9hT,1,1974,5,24.158.195.220
R_2an1IpZTGn3of3E,0,1981,2,98.224.62.213
R_2an1IpZTGn3of3E,0,1981,2,98.224.62.213
R_um4rMuKyfF6NVRL,1,1985,2,41.90.214.161
R_um4rMuKyfF6NVRL,1,1985,2,41.90.214.161
R_30dEvjKjqqYE4r6,1,1967,2,24.158.165.151
R_30dEvjKjqqYE4r6,1,1967,2,24.158.165.151
R_11aVYTEX5jetsMl,1,1990,2,70.123.146.0
R_11aVYTEX5jetsMl,1,1990,2,70.123.146.0
R_1eWWAOiSmDokjsY,1,1966,3,108.213.140.246
R_1eWWAOiSmDokjsY,1,1966,3,108.213.140.246
R_O1lRiA1c2rILF1n,1,1972,3,98.235.130.169
R_O1lRiA1c2rILF1n,1,1972,3,98.235.130.169
R_2PyQDpMLdscRnmX,0,1979,2,76.101.176.65
R_2PyQDpMLdscRnmX,0,1979,2,76.101.176.65
R_2w77Gb5ezSll57f,1,1993,3,74.72.23.26
R_2w77Gb5ezSll57f,1,1993,3,74.72.23.26
R_2dA6nfXFjq1A0G6,1,1979,2,174.71.60.245
R_2dA6nfXFjq1A0G6,1,1979,2,174.71.60.245
R_ugImRMYCcQwVQ3v,1,1983,2,173.239.226.3
R_ugImRMYCcQwVQ3v,1,1983,2,173.239.226.3
R_3MgjC41fkvUMOG2,1,1987,2,72.194.80.56
R_3MgjC41fkvUMOG2,1,1987,2,72.194.80.56
R_bPiMXVpYwJxzt6x,0,1988,3,68.81.77.51
R_bPiMXVpYwJxzt6x,0,1988,3,68.81.77.51
R_4Z7k14e0nNTUu2t,1,1979,2,98.4.139.251
R_4Z7k14e0nNTUu2t,1,1979,2,98.4.139.251
R_2y2uCz36VIDJk3T,1,1959,3,73.230.121.97
R_2y2uCz36VIDJk3T,1,1959,3,73.230.121.97
R_1exFmU0HYZiNvU1,0,1990,2,65.78.86.120
R_1exFmU0HYZiNvU1,0,1990,2,65.78.86.120
R_bgqT0CxiPH0AnrX,0,1990,2,71.183.123.157
R_bgqT0CxiPH0AnrX,0,1990,2,71.183.123.157
R_25uzUz6j3kgUTvn,0,1990,2,97.71.67.246
R_25uzUz6j3kgUTvn,0,1990,2,97.71.67.246
R_tDLyUp0Ef7E0MpP,0,1994,3,174.59.96.202
R_tDLyUp0Ef7E0MpP,0,1994,3,174.59.96.202
R_A6w8BdFJuSjnmlX,0,1993,2,98.209.27.109
R_A6w8BdFJuSjnmlX,0,1993,2,98.209.27.109
R_2wnTWNsDs5UeVhE,0,1968,2,73.246.83.194
R_2wnTWNsDs5UeVhE,0,1968,2,73.246.83.194
R_3j3bVIbxFDo0dOw,1,1989,2,73.188.191.75
R_3j3bVIbxFDo0dOw,1,1989,2,73.188.191.75
R_3k6CYqU6zmlc1bp,1,1988,3,107.77.248.52
R_3k6CYqU6zmlc1bp,1,1988,3,107.77.248.52
R_3PnmghnuFRvOGB8,0,1961,2,107.211.221.164
R_3PnmghnuFRvOGB8,0,1961,2,107.211.221.164
R_1IZ4d3WINt3m0Xj,0,1996,2,184.90.192.245
R_1IZ4d3WINt3m0Xj,0,1996,2,184.90.192.245
R_3gZRt3b3x875HdD,1,1992,3,68.61.53.177
R_3gZRt3b3x875HdD,1,1992,3,68.61.53.177
R_1eFylEQuz6b5bg2,0,1974,2,104.228.238.127
R_1eFylEQuz6b5bg2,0,1974,2,104.228.238.127
R_2c8wrbtprH1OHeC,1,1999,1,198.108.218.174
R_2c8wrbtprH1OHeC,1,1999,1,198.108.218.174
R_20PfR6zcDIUvmcP,1,1992,3,209.131.80.103
R_20PfR6zcDIUvmcP,1,1992,3,209.131.80.103
R_2VDgzr7U444LCuv,1,1987,2,208.69.133.77
R_2VDgzr7U444LCuv,1,1987,2,208.69.133.77
R_2U0kROM30Qa1mVG,0,1968,2,68.40.38.242
R_2U0kROM30Qa1mVG,0,1968,2,68.40.38.242
R_1jlcgmmg7P4eyCS,0,1985,3,73.61.181.209
R_1jlcgmmg7P4eyCS,0,1985,3,73.61.181.209
R_12Jbz2d8WfJtSvf,1,1987,2,174.208.2.240
R_12Jbz2d8WfJtSvf,1,1987,2,174.208.2.240
R_20T1pOBye6W8Ioe,0,1965,2,107.77.192.32
R_20T1pOBye6W8Ioe,0,1965,2,107.77.192.32
R_1DSg55U1FmhYzoX,1,1985,2,141.214.17.242
R_1DSg55U1FmhYzoX,1,1985,2,141.214.17.242
R_2WN0tlbevYdZ0XI,0,1975,2,24.96.234.72
R_2WN0tlbevYdZ0XI,0,1975,2,24.96.234.72
R_2fvNt9Pn7z2c7qP,0,1979,2,104.37.210.251
R_2fvNt9Pn7z2c7qP,0,1979,2,104.37.210.251
R_PTG2ifnclkSYAaB,0,1989,1,146.163.113.43
R_PTG2ifnclkSYAaB,0,1989,1,146.163.113.43
R_1ervrBaTvvpnPiJ,0,1994,1,12.155.202.218
R_1ervrBaTvvpnPiJ,0,1994,1,12.155.202.218
R_VUTunmW94EWEmOd,0,1987,2,74.75.124.55
R_VUTunmW94EWEmOd,0,1987,2,74.75.124.55
R_3Dbb8Mdbkq1Hf0E,0,1987,2,107.77.206.20
R_3Dbb8Mdbkq1Hf0E,0,1987,2,107.77.206.20
R_r9jP1xleVZGQrT3,1,1957,4,69.179.106.226
R_r9jP1xleVZGQrT3,1,1957,4,69.179.106.226
R_1IhKpADOtyrZh7P,0,1960,3,67.79.184.238
R_1IhKpADOtyrZh7P,0,1960,3,67.79.184.238
R_1qVRjK04LrB7R4V,1,1984,3,196.96.241.219
R_1qVRjK04LrB7R4V,1,1984,3,196.96.241.219
R_2rNOi549kCQLymF,1,1978,2,131.156.181.98
R_2rNOi549kCQLymF,1,1978,2,131.156.181.98
R_1InDSXU8k46L25h,0,1978,2,173.88.65.163
R_1InDSXU8k46L25h,0,1978,2,173.88.65.163
R_1DB989v5K4fS5nv,0,1972,2,75.133.156.236
R_1DB989v5K4fS5nv,0,1972,2,75.133.156.236
R_UABBv3rewYdcFMJ,0,1982,3,67.130.244.82
R_UABBv3rewYdcFMJ,0,1982,3,67.130.244.82
R_2b34tZdh2zom5n4,1,1941,4,73.5.106.65
R_2b34tZdh2zom5n4,1,1941,4,73.5.106.65
R_2uJvL5wYbmBsJ3r,1,1990,2,96.244.92.106
R_2uJvL5wYbmBsJ3r,1,1990,2,96.244.92.106
R_3nPDs1Bv5LewMn0,0,1992,5,174.34.193.17
R_3nPDs1Bv5LewMn0,0,1992,5,174.34.193.17
R_emJhxJR6699uuop,0,1989,3,68.185.120.98
R_emJhxJR6699uuop,0,1989,3,68.185.120.98
R_2s4Pa3FwYHoz95Y,0,1993,2,71.41.47.114
R_2s4Pa3FwYHoz95Y,0,1993,2,71.41.47.114
R_2fJxfZW0aqnoJ0z,0,1987,3,73.76.160.78
R_2fJxfZW0aqnoJ0z,0,1987,3,73.76.160.78
R_DVtb82vZmsAFXFf,1,1962,2,131.247.56.81
R_DVtb82vZmsAFXFf,1,1962,2,131.247.56.81
R_295DlX7a8tGIqEf,1,1973,2,107.1.203.70
R_295DlX7a8tGIqEf,1,1973,2,107.1.203.70
R_2EB1N0PxrZ6LhMx,1,1988,2,50.25.182.74
R_2EB1N0PxrZ6LhMx,1,1988,2,50.25.182.74
R_1NyywxukGGZlDa5,1,1987,2,107.173.1.125
R_1NyywxukGGZlDa5,1,1987,2,107.173.1.125
R_1FghHlMFurqU5eO,1,1991,2,96.33.10.74
R_1FghHlMFurqU5eO,1,1991,2,96.33.10.74
R_3PFBS3lh41Zq55C,0,1990,1,67.158.81.24
R_3PFBS3lh41Zq55C,0,1990,1,67.158.81.24
R_2xPGxU8PtUoPoSU,1,1987,2,75.98.98.2
R_2xPGxU8PtUoPoSU,1,1987,2,75.98.98.2
R_0UJynnFiQEd9PJD,1,1988,2,67.222.218.83
R_0UJynnFiQEd9PJD,1,1988,2,67.222.218.83
R_1ik5XUwrrY8JVsq,1,1956,3,98.170.214.91
R_1ik5XUwrrY8JVsq,1,1956,3,98.170.214.91
R_d7lbIBkfFZ81vON,0,1978,5,75.107.54.175
R_d7lbIBkfFZ81vON,0,1978,5,75.107.54.175
R_YY1ORi59iIpfGpj,0,1987,2,108.51.168.117
R_YY1ORi59iIpfGpj,0,1987,2,108.51.168.117
R_USJJw6VV4E2J5S1,1,1989,2,98.109.19.25
R_USJJw6VV4E2J5S1,1,1989,2,98.109.19.25
R_3sbOQsFaOv7PHQA,1,1963,2,74.196.54.63
R_3sbOQsFaOv7PHQA,1,1963,2,74.196.54.63
R_2Wu9LmRi6AF9w33,0,1966,2,146.166.62.160
R_2Wu9LmRi6AF9w33,0,1966,2,146.166.62.160
R_25zrpZ2zgKp46HK,1,1976,2,97.84.162.252
R_25zrpZ2zgKp46HK,1,1976,2,97.84.162.252
R_3fe4pMRISk1NCk9,0,1965,2,174.223.4.140
R_3fe4pMRISk1NCk9,0,1965,2,174.223.4.140
R_1FDO0QN0kJegYAS,0,1985,3,24.125.237.3
R_1FDO0QN0kJegYAS,0,1985,3,24.125.237.3
R_sBxFZJpuugEhYsN,1,1988,3,98.10.194.122
R_sBxFZJpuugEhYsN,1,1988,3,98.10.194.122
R_036tU5PYeqD9yed,0,1966,2,216.195.97.82
R_036tU5PYeqD9yed,0,1966,2,216.195.97.82
R_2eb7zM3DAmfkIti,0,1960,2,98.219.167.107
R_2eb7zM3DAmfkIti,0,1960,2,98.219.167.107
R_1er7uXe9KV0Hfn6,0,1958,2,73.205.68.46
R_1er7uXe9KV0Hfn6,0,1958,2,73.205.68.46
R_9nvN0iI5V4n9CyB,1,1948,4,65.79.144.190
R_9nvN0iI5V4n9CyB,1,1948,4,65.79.144.190
R_ZJI7ONlvZErkotH,0,1990,3,73.76.245.231
R_ZJI7ONlvZErkotH,0,1990,3,73.76.245.231
R_3lY4QpbRtNanP4V,1,1981,2,216.9.178.245
R_3lY4QpbRtNanP4V,1,1981,2,216.9.178.245
R_cO0idO9fXH18ORj,0,1977,2,24.252.203.69
R_cO0idO9fXH18ORj,0,1977,2,24.252.203.69
R_2Wvs5Bmpfu5nJgr,1,1953,4,24.89.45.152
R_2Wvs5Bmpfu5nJgr,1,1953,4,24.89.45.152
R_2TWUCYmR08dKCnw,1,1980,2,199.87.2.4
R_2TWUCYmR08dKCnw,1,1980,2,199.87.2.4
R_5nB7MpDVxQP5c7T,1,1947,4,71.28.215.213
R_5nB7MpDVxQP5c7T,1,1947,4,71.28.215.213
R_1dHvhLu0Ob88xi3,1,1987,2,172.58.201.145
R_1dHvhLu0Ob88xi3,1,1987,2,172.58.201.145
R_31GDLFig5mbSQi2,0,1970,3,72.88.177.183
R_31GDLFig5mbSQi2,0,1970,3,72.88.177.183
R_7WglklNcDPdHjhv,0,1995,1,99.127.216.14
R_7WglklNcDPdHjhv,0,1995,1,99.127.216.14
R_sC2ltYOk5z8XTgt,1,1984,2,50.249.29.185
R_sC2ltYOk5z8XTgt,1,1984,2,50.249.29.185
R_2cC6HwPp6AX0BsH,1,1979,2,99.203.4.163
R_2cC6HwPp6AX0BsH,1,1979,2,99.203.4.163
R_5oiKSQDjmvIT3hf,0,1988,1,24.223.120.250
R_5oiKSQDjmvIT3hf,0,1988,1,24.223.120.250
R_2fxNXiSudoUJPY2,1,1970,3,47.21.143.58
R_2fxNXiSudoUJPY2,1,1970,3,47.21.143.58
R_3nowSzCsoJedXcj,1,1987,2,216.69.46.42
R_3nowSzCsoJedXcj,1,1987,2,216.69.46.42
R_3khOFFu0RZRKH0U,1,1966,2,68.1.152.24
R_3khOFFu0RZRKH0U,1,1966,2,68.1.152.24
R_3LXg96gBnvbMeKt,1,1979,2,99.203.4.163
R_3LXg96gBnvbMeKt,1,1979,2,99.203.4.163
R_24AA9F94chXx3IE,1,1988,3,96.255.2.92
R_24AA9F94chXx3IE,1,1988,3,96.255.2.92
R_Q9UA9RqQZW1qv6N,1,1991,2,12.4.5.125
R_Q9UA9RqQZW1qv6N,1,1991,2,12.4.5.125
R_3EzNPg8QlbACcZz,1,1984,2,70.173.12.131
R_3EzNPg8QlbACcZz,1,1984,2,70.173.12.131
R_1C3E4viN4uf9uCT,0,1976,2,160.109.104.44
R_1C3E4viN4uf9uCT,0,1976,2,160.109.104.44
R_4YPAkDoZoCBs5l7,1,1981,2,67.175.243.58
R_4YPAkDoZoCBs5l7,1,1981,2,67.175.243.58
R_2UftuH4u7LYHHc4,0,1993,2,75.35.24.7
R_2UftuH4u7LYHHc4,0,1993,2,75.35.24.7
R_3IAQz6SiKbvA4Xn,1,1991,2,162.127.34.30
R_3IAQz6SiKbvA4Xn,1,1991,2,162.127.34.30
R_10V2sNTrMm9rjvT,1,1987,2,71.58.113.194
R_10V2sNTrMm9rjvT,1,1987,2,71.58.113.194
R_1Kv5XyEN7ROhJCQ,1,1961,2,72.49.88.146
R_1Kv5XyEN7ROhJCQ,1,1961,2,72.49.88.146
R_PZB3cTo6uS05rqh,0,1962,2,68.118.97.236
R_PZB3cTo6uS05rqh,0,1962,2,68.118.97.236
R_2woiMurwNhKprHc,1,1984,2,72.79.144.66
R_2woiMurwNhKprHc,1,1984,2,72.79.144.66
R_2Y2KuhgwSMttken,1,1979,3,174.65.81.86
R_2Y2KuhgwSMttken,1,1979,3,174.65.81.86
R_3lRKtus14VpmIST,1,1971,5,73.86.34.213
R_3lRKtus14VpmIST,1,1971,5,73.86.34.213
R_SIXHzFPn6Gawt6p,1,1994,2,172.56.21.35
R_SIXHzFPn6Gawt6p,1,1994,2,172.56.21.35
R_2s7S0tcRcNpmOc1,0,1961,2,107.129.187.19
R_2s7S0tcRcNpmOc1,0,1961,2,107.129.187.19
R_1jwxjOHKMB7MwWl,0,1979,2,67.232.210.144
R_1jwxjOHKMB7MwWl,0,1979,2,67.232.210.144
R_2wa7mz89D78qAGR,0,1973,2,162.200.128.164
R_2wa7mz89D78qAGR,0,1973,2,162.200.128.164
R_W27sMpKW8JpTjAB,1,1967,5,70.181.35.44
R_W27sMpKW8JpTjAB,1,1967,5,70.181.35.44
R_1PdxASUS8jHaRz6,0,1982,1,75.86.174.11
R_1PdxASUS8jHaRz6,0,1982,1,75.86.174.11
R_ByKnLrWJ0VeB2tX,0,1980,3,69.21.10.43
R_ByKnLrWJ0VeB2tX,0,1980,3,69.21.10.43
R_3iqbU1hw3fGXaSt,0,1983,2,97.119.158.49
R_3iqbU1hw3fGXaSt,0,1983,2,97.119.158.49
R_p9KFAOtfKPHytjj,0,1993,2,162.198.44.182
R_p9KFAOtfKPHytjj,0,1993,2,162.198.44.182
R_1PRYWrxkxyqhKZ8,0,1972,2,108.210.12.140
R_1PRYWrxkxyqhKZ8,0,1972,2,108.210.12.140
R_3J3Ol9oms7WmfuL,1,1978,3,68.35.27.130
R_3J3Ol9oms7WmfuL,1,1978,3,68.35.27.130
R_3MLhumGLpZYgkQJ,1,1953,2,99.120.144.62
R_3MLhumGLpZYgkQJ,1,1953,2,99.120.144.62
R_1i3DRWvazqEAH5C,0,1991,3,71.75.228.170
R_1i3DRWvazqEAH5C,0,1991,3,71.75.228.170
R_1K2Nrid9gIVzbNA,1,1993,2,185.177.0.7
R_1K2Nrid9gIVzbNA,1,1993,2,185.177.0.7
R_1FkXMZMUPqFu2e1,1,1987,2,70.166.250.126
R_1FkXMZMUPqFu2e1,1,1987,2,70.166.250.126
R_1E5wu080CBQbjAk,1,1953,2,73.189.147.24
R_1E5wu080CBQbjAk,1,1953,2,73.189.147.24
R_AjJS2Nai42qFtfP,1,1992,2,136.60.164.69
R_AjJS2Nai42qFtfP,1,1992,2,136.60.164.69
R_3qssD4oj0euQRRd,0,1961,2,72.239.184.62
R_3qssD4oj0euQRRd,0,1961,2,72.239.184.62
R_6mLwnk0aYrVaJZ7,0,1990,2,99.46.169.184
R_6mLwnk0aYrVaJZ7,0,1990,2,99.46.169.184
R_2fJKl26GfLUb0bC,0,1963,2,173.70.146.101
R_2fJKl26GfLUb0bC,0,1963,2,173.70.146.101
R_z2xahg1DCflDLXz,1,1990,2,23.95.130.221
R_z2xahg1DCflDLXz,1,1990,2,23.95.130.221
R_uzaUwXWK4JzDNy9,1,1987,2,108.48.97.94
R_uzaUwXWK4JzDNy9,1,1987,2,108.48.97.94
R_d1gZiMKoliVrLwJ,1,1990,2,216.164.155.204
R_d1gZiMKoliVrLwJ,1,1990,2,216.164.155.204
R_0pLctgC9q7eqDeN,0,1984,2,97.73.80.214
R_0pLctgC9q7eqDeN,0,1984,2,97.73.80.214
R_ujZPonCOmDkRJPr,1,1988,2,173.244.44.57
R_ujZPonCOmDkRJPr,1,1988,2,173.244.44.57
R_3fdR4OvF4Npa6IS,1,1969,2,73.222.232.163
R_3fdR4OvF4Npa6IS,1,1969,2,73.222.232.163
R_3hDVIeZPEjqr4r3,1,1994,2,24.4.177.132
R_3hDVIeZPEjqr4r3,1,1994,2,24.4.177.132
R_3Ld7OL084m8QHJl,1,1989,3,68.97.180.127
R_3Ld7OL084m8QHJl,1,1989,3,68.97.180.127
R_qI2VUAo9wpdYtvr,1,1995,2,75.140.206.180
R_qI2VUAo9wpdYtvr,1,1995,2,75.140.206.180
